Date,Source,Site ID,POC,Daily Max 8-hour CO Concentration,UNITS,DAILY_AQI_VALUE,Site Name,DAILY_OBS_COUNT,PERCENT_COMPLETE,AQS_PARAMETER_CODE,AQS_PARAMETER_DESC,CBSA_CODE,CBSA_NAME,STATE_CODE,STATE,COUNTY_CODE,COUNTY,SITE_LATITUDE,SITE_LONGITUDE
1/1/2017,AQS,490353006,1,0.5,ppm,6,Hawthorne,19,79,42101,Carbon monoxide,41620,"Salt Lake City, UT",49,Utah,35,Salt Lake,40.736389,-111.872222
1/2/2017,AQS,490353006,1,0.6,ppm,7,Hawthorne,24,100,42101,Carbon monoxide,41620,"Salt Lake City, UT",49,Utah,35,Salt Lake,40.736389,-111.872222
1/3/2017,AQS,490353006,1,1.2,ppm,14,Hawthorne,24,100,42101,Carbon monoxide,41620,"Salt Lake City, UT",49,Utah,35,Salt Lake,40.736389,-111.872222
1/4/2017,AQS,490353006,1,0.5,ppm,6,Hawthorne,24,100,42101,Carbon monoxide,41620,"Salt Lake City, UT",49,Utah,35,Salt Lake,40.736389,-111.872222
1/5/2017,AQS,490353006,1,0.4,ppm,5,Hawthorne,24,100,42101,Carbon monoxide,41620,"Salt Lake City, UT",49,Utah,35,Salt Lake,40.736389,-111.872222
1/6/2017,AQS,490353006,1,0.7,ppm,8,Hawthorne,24,100,42101,Carbon monoxide,41620,"Salt Lake City, UT",49,Utah,35,Salt Lake,40.736389,-111.872222
1/7/2017,AQS,490353006,1,1.3,ppm,15,Hawthorne,24,100,42101,Carbon monoxide,41620,"Salt Lake City, UT",49,Utah,35,Salt Lake,40.736389,-111.872222
1/8/2017,AQS,490353006,1,0.9,ppm,10,Hawthorne,24,100,42101,Carbon monoxide,41620,"Salt Lake City, UT",49,Utah,35,Salt Lake,40.736389,-111.872222
1/9/2017,AQS,490353006,1,0.5,ppm,6,Hawthorne,24,100,42101,Carbon monoxide,41620,"Salt Lake City, UT",49,Utah,35,Salt Lake,40.736389,-111.872222
1/10/2017,AQS,490353006,1,0.6,ppm,7,Hawthorne,24,100,42101,Carbon monoxide,41620,"Salt Lake City, UT",49,Utah,35,Salt Lake,40.736389,-111.872222
1/11/2017,AQS,490353006,1,0.4,ppm,5,Hawthorne,24,100,42101,Carbon monoxide,41620,"Salt Lake City, UT",49,Utah,35,Salt Lake,40.736389,-111.872222
1/12/2017,AQS,490353006,1,0.4,ppm,5,Hawthorne,24,100,42101,Carbon monoxide,41620,"Salt Lake City, UT",49,Utah,35,Salt Lake,40.736389,-111.872222
1/13/2017,AQS,490353006,1,0.5,ppm,6,Hawthorne,24,100,42101,Carbon monoxide,41620,"Salt Lake City, UT",49,Utah,35,Salt Lake,40.736389,-111.872222
1/14/2017,AQS,490353006,1,0.4,ppm,5,Hawthorne,24,100,42101,Carbon monoxide,41620,"Salt Lake City, UT",49,Utah,35,Salt Lake,40.736389,-111.872222
1/15/2017,AQS,490353006,1,0.3,ppm,3,Hawthorne,24,100,42101,Carbon monoxide,41620,"Salt Lake City, UT",49,Utah,35,Salt Lake,40.736389,-111.872222
1/16/2017,AQS,490353006,1,0.4,ppm,5,Hawthorne,24,100,42101,Carbon monoxide,41620,"Salt Lake City, UT",49,Utah,35,Salt Lake,40.736389,-111.872222
1/17/2017,AQS,490353006,1,1,ppm,11,Hawthorne,18,75,42101,Carbon monoxide,41620,"Salt Lake City, UT",49,Utah,35,Salt Lake,40.736389,-111.872222
1/18/2017,AQS,490353006,1,1,ppm,11,Hawthorne,24,100,42101,Carbon monoxide,41620,"Salt Lake City, UT",49,Utah,35,Salt Lake,40.736389,-111.872222
1/19/2017,AQS,490353006,1,1.7,ppm,19,Hawthorne,24,100,42101,Carbon monoxide,41620,"Salt Lake City, UT",49,Utah,35,Salt Lake,40.736389,-111.872222
1/20/2017,AQS,490353006,1,1.3,ppm,15,Hawthorne,24,100,42101,Carbon monoxide,41620,"Salt Lake City, UT",49,Utah,35,Salt Lake,40.736389,-111.872222
1/21/2017,AQS,490353006,1,0.9,ppm,10,Hawthorne,24,100,42101,Carbon monoxide,41620,"Salt Lake City, UT",49,Utah,35,Salt Lake,40.736389,-111.872222
1/22/2017,AQS,490353006,1,0.9,ppm,10,Hawthorne,24,100,42101,Carbon monoxide,41620,"Salt Lake City, UT",49,Utah,35,Salt Lake,40.736389,-111.872222
1/23/2017,AQS,490353006,1,0.4,ppm,5,Hawthorne,24,100,42101,Carbon monoxide,41620,"Salt Lake City, UT",49,Utah,35,Salt Lake,40.736389,-111.872222
1/24/2017,AQS,490353006,1,0.3,ppm,3,Hawthorne,24,100,42101,Carbon monoxide,41620,"Salt Lake City, UT",49,Utah,35,Salt Lake,40.736389,-111.872222
1/25/2017,AQS,490353006,1,0.3,ppm,3,Hawthorne,24,100,42101,Carbon monoxide,41620,"Salt Lake City, UT",49,Utah,35,Salt Lake,40.736389,-111.872222
1/26/2017,AQS,490353006,1,0.4,ppm,5,Hawthorne,24,100,42101,Carbon monoxide,41620,"Salt Lake City, UT",49,Utah,35,Salt Lake,40.736389,-111.872222
1/27/2017,AQS,490353006,1,0.6,ppm,7,Hawthorne,24,100,42101,Carbon monoxide,41620,"Salt Lake City, UT",49,Utah,35,Salt Lake,40.736389,-111.872222
1/28/2017,AQS,490353006,1,0.5,ppm,6,Hawthorne,24,100,42101,Carbon monoxide,41620,"Salt Lake City, UT",49,Utah,35,Salt Lake,40.736389,-111.872222
1/29/2017,AQS,490353006,1,0.6,ppm,7,Hawthorne,24,100,42101,Carbon monoxide,41620,"Salt Lake City, UT",49,Utah,35,Salt Lake,40.736389,-111.872222
1/30/2017,AQS,490353006,1,0.6,ppm,7,Hawthorne,24,100,42101,Carbon monoxide,41620,"Salt Lake City, UT",49,Utah,35,Salt Lake,40.736389,-111.872222
1/31/2017,AQS,490353006,1,0.5,ppm,6,Hawthorne,24,100,42101,Carbon monoxide,41620,"Salt Lake City, UT",49,Utah,35,Salt Lake,40.736389,-111.872222
2/1/2017,AQS,490353006,1,0.6,ppm,7,Hawthorne,16,67,42101,Carbon monoxide,41620,"Salt Lake City, UT",49,Utah,35,Salt Lake,40.736389,-111.872222
2/2/2017,AQS,490353006,1,0.8,ppm,9,Hawthorne,24,100,42101,Carbon monoxide,41620,"Salt Lake City, UT",49,Utah,35,Salt Lake,40.736389,-111.872222
2/3/2017,AQS,490353006,1,1.1,ppm,13,Hawthorne,24,100,42101,Carbon monoxide,41620,"Salt Lake City, UT",49,Utah,35,Salt Lake,40.736389,-111.872222
2/4/2017,AQS,490353006,1,0.4,ppm,5,Hawthorne,24,100,42101,Carbon monoxide,41620,"Salt Lake City, UT",49,Utah,35,Salt Lake,40.736389,-111.872222
2/5/2017,AQS,490353006,1,0.5,ppm,6,Hawthorne,24,100,42101,Carbon monoxide,41620,"Salt Lake City, UT",49,Utah,35,Salt Lake,40.736389,-111.872222
2/6/2017,AQS,490353006,1,0.3,ppm,3,Hawthorne,24,100,42101,Carbon monoxide,41620,"Salt Lake City, UT",49,Utah,35,Salt Lake,40.736389,-111.872222
2/7/2017,AQS,490353006,1,0.2,ppm,2,Hawthorne,24,100,42101,Carbon monoxide,41620,"Salt Lake City, UT",49,Utah,35,Salt Lake,40.736389,-111.872222
2/8/2017,AQS,490353006,1,0.6,ppm,7,Hawthorne,24,100,42101,Carbon monoxide,41620,"Salt Lake City, UT",49,Utah,35,Salt Lake,40.736389,-111.872222
2/9/2017,AQS,490353006,1,0.3,ppm,3,Hawthorne,24,100,42101,Carbon monoxide,41620,"Salt Lake City, UT",49,Utah,35,Salt Lake,40.736389,-111.872222
2/10/2017,AQS,490353006,1,0.3,ppm,3,Hawthorne,24,100,42101,Carbon monoxide,41620,"Salt Lake City, UT",49,Utah,35,Salt Lake,40.736389,-111.872222
2/11/2017,AQS,490353006,1,0.3,ppm,3,Hawthorne,24,100,42101,Carbon monoxide,41620,"Salt Lake City, UT",49,Utah,35,Salt Lake,40.736389,-111.872222
2/12/2017,AQS,490353006,1,0.3,ppm,3,Hawthorne,24,100,42101,Carbon monoxide,41620,"Salt Lake City, UT",49,Utah,35,Salt Lake,40.736389,-111.872222
2/13/2017,AQS,490353006,1,0.7,ppm,8,Hawthorne,20,83,42101,Carbon monoxide,41620,"Salt Lake City, UT",49,Utah,35,Salt Lake,40.736389,-111.872222
2/14/2017,AQS,490353006,1,0.7,ppm,8,Hawthorne,24,100,42101,Carbon monoxide,41620,"Salt Lake City, UT",49,Utah,35,Salt Lake,40.736389,-111.872222
2/15/2017,AQS,490353006,1,0.8,ppm,9,Hawthorne,24,100,42101,Carbon monoxide,41620,"Salt Lake City, UT",49,Utah,35,Salt Lake,40.736389,-111.872222
2/16/2017,AQS,490353006,1,0.8,ppm,9,Hawthorne,24,100,42101,Carbon monoxide,41620,"Salt Lake City, UT",49,Utah,35,Salt Lake,40.736389,-111.872222
2/17/2017,AQS,490353006,1,0.6,ppm,7,Hawthorne,24,100,42101,Carbon monoxide,41620,"Salt Lake City, UT",49,Utah,35,Salt Lake,40.736389,-111.872222
2/18/2017,AQS,490353006,1,0.2,ppm,2,Hawthorne,24,100,42101,Carbon monoxide,41620,"Salt Lake City, UT",49,Utah,35,Salt Lake,40.736389,-111.872222
2/19/2017,AQS,490353006,1,0.4,ppm,5,Hawthorne,24,100,42101,Carbon monoxide,41620,"Salt Lake City, UT",49,Utah,35,Salt Lake,40.736389,-111.872222
2/20/2017,AQS,490353006,1,0.4,ppm,5,Hawthorne,24,100,42101,Carbon monoxide,41620,"Salt Lake City, UT",49,Utah,35,Salt Lake,40.736389,-111.872222
2/21/2017,AQS,490353006,1,0.2,ppm,2,Hawthorne,24,100,42101,Carbon monoxide,41620,"Salt Lake City, UT",49,Utah,35,Salt Lake,40.736389,-111.872222
2/22/2017,AQS,490353006,1,0.3,ppm,3,Hawthorne,24,100,42101,Carbon monoxide,41620,"Salt Lake City, UT",49,Utah,35,Salt Lake,40.736389,-111.872222
2/23/2017,AQS,490353006,1,0.2,ppm,2,Hawthorne,24,100,42101,Carbon monoxide,41620,"Salt Lake City, UT",49,Utah,35,Salt Lake,40.736389,-111.872222
2/24/2017,AQS,490353006,1,0.2,ppm,2,Hawthorne,24,100,42101,Carbon monoxide,41620,"Salt Lake City, UT",49,Utah,35,Salt Lake,40.736389,-111.872222
2/25/2017,AQS,490353006,1,0.3,ppm,3,Hawthorne,24,100,42101,Carbon monoxide,41620,"Salt Lake City, UT",49,Utah,35,Salt Lake,40.736389,-111.872222
2/26/2017,AQS,490353006,1,0.4,ppm,5,Hawthorne,24,100,42101,Carbon monoxide,41620,"Salt Lake City, UT",49,Utah,35,Salt Lake,40.736389,-111.872222
2/27/2017,AQS,490353006,1,0.3,ppm,3,Hawthorne,24,100,42101,Carbon monoxide,41620,"Salt Lake City, UT",49,Utah,35,Salt Lake,40.736389,-111.872222
2/28/2017,AQS,490353006,1,0.4,ppm,5,Hawthorne,24,100,42101,Carbon monoxide,41620,"Salt Lake City, UT",49,Utah,35,Salt Lake,40.736389,-111.872222
3/1/2017,AQS,490353006,1,0.5,ppm,6,Hawthorne,24,100,42101,Carbon monoxide,41620,"Salt Lake City, UT",49,Utah,35,Salt Lake,40.736389,-111.872222
3/2/2017,AQS,490353006,1,0.4,ppm,5,Hawthorne,23,96,42101,Carbon monoxide,41620,"Salt Lake City, UT",49,Utah,35,Salt Lake,40.736389,-111.872222
3/3/2017,AQS,490353006,1,0.5,ppm,6,Hawthorne,24,100,42101,Carbon monoxide,41620,"Salt Lake City, UT",49,Utah,35,Salt Lake,40.736389,-111.872222
3/4/2017,AQS,490353006,1,0.3,ppm,3,Hawthorne,24,100,42101,Carbon monoxide,41620,"Salt Lake City, UT",49,Utah,35,Salt Lake,40.736389,-111.872222
3/5/2017,AQS,490353006,1,0.1,ppm,1,Hawthorne,24,100,42101,Carbon monoxide,41620,"Salt Lake City, UT",49,Utah,35,Salt Lake,40.736389,-111.872222
3/6/2017,AQS,490353006,1,0.3,ppm,3,Hawthorne,24,100,42101,Carbon monoxide,41620,"Salt Lake City, UT",49,Utah,35,Salt Lake,40.736389,-111.872222
3/7/2017,AQS,490353006,1,0.4,ppm,5,Hawthorne,24,100,42101,Carbon monoxide,41620,"Salt Lake City, UT",49,Utah,35,Salt Lake,40.736389,-111.872222
3/8/2017,AQS,490353006,1,0.4,ppm,5,Hawthorne,24,100,42101,Carbon monoxide,41620,"Salt Lake City, UT",49,Utah,35,Salt Lake,40.736389,-111.872222
3/9/2017,AQS,490353006,1,0.4,ppm,5,Hawthorne,24,100,42101,Carbon monoxide,41620,"Salt Lake City, UT",49,Utah,35,Salt Lake,40.736389,-111.872222
3/10/2017,AQS,490353006,1,0.4,ppm,5,Hawthorne,24,100,42101,Carbon monoxide,41620,"Salt Lake City, UT",49,Utah,35,Salt Lake,40.736389,-111.872222
3/11/2017,AQS,490353006,1,0.3,ppm,3,Hawthorne,24,100,42101,Carbon monoxide,41620,"Salt Lake City, UT",49,Utah,35,Salt Lake,40.736389,-111.872222
3/12/2017,AQS,490353006,1,0.4,ppm,5,Hawthorne,24,100,42101,Carbon monoxide,41620,"Salt Lake City, UT",49,Utah,35,Salt Lake,40.736389,-111.872222
3/13/2017,AQS,490353006,1,0.8,ppm,9,Hawthorne,18,75,42101,Carbon monoxide,41620,"Salt Lake City, UT",49,Utah,35,Salt Lake,40.736389,-111.872222
3/14/2017,AQS,490353006,1,0.5,ppm,6,Hawthorne,24,100,42101,Carbon monoxide,41620,"Salt Lake City, UT",49,Utah,35,Salt Lake,40.736389,-111.872222
3/15/2017,AQS,490353006,1,0.6,ppm,7,Hawthorne,24,100,42101,Carbon monoxide,41620,"Salt Lake City, UT",49,Utah,35,Salt Lake,40.736389,-111.872222
3/16/2017,AQS,490353006,1,0.3,ppm,3,Hawthorne,24,100,42101,Carbon monoxide,41620,"Salt Lake City, UT",49,Utah,35,Salt Lake,40.736389,-111.872222
3/17/2017,AQS,490353006,1,0.6,ppm,7,Hawthorne,24,100,42101,Carbon monoxide,41620,"Salt Lake City, UT",49,Utah,35,Salt Lake,40.736389,-111.872222
3/18/2017,AQS,490353006,1,0.4,ppm,5,Hawthorne,24,100,42101,Carbon monoxide,41620,"Salt Lake City, UT",49,Utah,35,Salt Lake,40.736389,-111.872222
3/19/2017,AQS,490353006,1,0.3,ppm,3,Hawthorne,24,100,42101,Carbon monoxide,41620,"Salt Lake City, UT",49,Utah,35,Salt Lake,40.736389,-111.872222
3/20/2017,AQS,490353006,1,0.6,ppm,7,Hawthorne,24,100,42101,Carbon monoxide,41620,"Salt Lake City, UT",49,Utah,35,Salt Lake,40.736389,-111.872222
3/21/2017,AQS,490353006,1,0.3,ppm,3,Hawthorne,24,100,42101,Carbon monoxide,41620,"Salt Lake City, UT",49,Utah,35,Salt Lake,40.736389,-111.872222
3/22/2017,AQS,490353006,1,0.2,ppm,2,Hawthorne,16,67,42101,Carbon monoxide,41620,"Salt Lake City, UT",49,Utah,35,Salt Lake,40.736389,-111.872222
3/23/2017,AQS,490353006,1,0.5,ppm,6,Hawthorne,24,100,42101,Carbon monoxide,41620,"Salt Lake City, UT",49,Utah,35,Salt Lake,40.736389,-111.872222
3/24/2017,AQS,490353006,1,0.5,ppm,6,Hawthorne,24,100,42101,Carbon monoxide,41620,"Salt Lake City, UT",49,Utah,35,Salt Lake,40.736389,-111.872222
3/25/2017,AQS,490353006,1,0.3,ppm,3,Hawthorne,24,100,42101,Carbon monoxide,41620,"Salt Lake City, UT",49,Utah,35,Salt Lake,40.736389,-111.872222
3/26/2017,AQS,490353006,1,0.4,ppm,5,Hawthorne,24,100,42101,Carbon monoxide,41620,"Salt Lake City, UT",49,Utah,35,Salt Lake,40.736389,-111.872222
3/27/2017,AQS,490353006,1,0.3,ppm,3,Hawthorne,24,100,42101,Carbon monoxide,41620,"Salt Lake City, UT",49,Utah,35,Salt Lake,40.736389,-111.872222
3/28/2017,AQS,490353006,1,0.4,ppm,5,Hawthorne,24,100,42101,Carbon monoxide,41620,"Salt Lake City, UT",49,Utah,35,Salt Lake,40.736389,-111.872222
3/29/2017,AQS,490353006,1,0.5,ppm,6,Hawthorne,24,100,42101,Carbon monoxide,41620,"Salt Lake City, UT",49,Utah,35,Salt Lake,40.736389,-111.872222
3/30/2017,AQS,490353006,1,0.4,ppm,5,Hawthorne,24,100,42101,Carbon monoxide,41620,"Salt Lake City, UT",49,Utah,35,Salt Lake,40.736389,-111.872222
3/31/2017,AQS,490353006,1,0.3,ppm,3,Hawthorne,18,75,42101,Carbon monoxide,41620,"Salt Lake City, UT",49,Utah,35,Salt Lake,40.736389,-111.872222
4/1/2017,AQS,490353006,1,0.3,ppm,3,Hawthorne,24,100,42101,Carbon monoxide,41620,"Salt Lake City, UT",49,Utah,35,Salt Lake,40.736389,-111.872222
4/2/2017,AQS,490353006,1,0.3,ppm,3,Hawthorne,24,100,42101,Carbon monoxide,41620,"Salt Lake City, UT",49,Utah,35,Salt Lake,40.736389,-111.872222
4/3/2017,AQS,490353006,1,0.5,ppm,6,Hawthorne,24,100,42101,Carbon monoxide,41620,"Salt Lake City, UT",49,Utah,35,Salt Lake,40.736389,-111.872222
4/4/2017,AQS,490353006,1,0.3,ppm,3,Hawthorne,24,100,42101,Carbon monoxide,41620,"Salt Lake City, UT",49,Utah,35,Salt Lake,40.736389,-111.872222
4/5/2017,AQS,490353006,1,0.5,ppm,6,Hawthorne,24,100,42101,Carbon monoxide,41620,"Salt Lake City, UT",49,Utah,35,Salt Lake,40.736389,-111.872222
4/6/2017,AQS,490353006,1,0.3,ppm,3,Hawthorne,24,100,42101,Carbon monoxide,41620,"Salt Lake City, UT",49,Utah,35,Salt Lake,40.736389,-111.872222
4/7/2017,AQS,490353006,1,0.2,ppm,2,Hawthorne,24,100,42101,Carbon monoxide,41620,"Salt Lake City, UT",49,Utah,35,Salt Lake,40.736389,-111.872222
4/8/2017,AQS,490353006,1,0.2,ppm,2,Hawthorne,24,100,42101,Carbon monoxide,41620,"Salt Lake City, UT",49,Utah,35,Salt Lake,40.736389,-111.872222
4/9/2017,AQS,490353006,1,0.2,ppm,2,Hawthorne,24,100,42101,Carbon monoxide,41620,"Salt Lake City, UT",49,Utah,35,Salt Lake,40.736389,-111.872222
4/10/2017,AQS,490353006,1,0.5,ppm,6,Hawthorne,24,100,42101,Carbon monoxide,41620,"Salt Lake City, UT",49,Utah,35,Salt Lake,40.736389,-111.872222
4/11/2017,AQS,490353006,1,0.4,ppm,5,Hawthorne,24,100,42101,Carbon monoxide,41620,"Salt Lake City, UT",49,Utah,35,Salt Lake,40.736389,-111.872222
4/12/2017,AQS,490353006,1,0.4,ppm,5,Hawthorne,24,100,42101,Carbon monoxide,41620,"Salt Lake City, UT",49,Utah,35,Salt Lake,40.736389,-111.872222
4/13/2017,AQS,490353006,1,0.4,ppm,5,Hawthorne,24,100,42101,Carbon monoxide,41620,"Salt Lake City, UT",49,Utah,35,Salt Lake,40.736389,-111.872222
4/14/2017,AQS,490353006,1,0.2,ppm,2,Hawthorne,24,100,42101,Carbon monoxide,41620,"Salt Lake City, UT",49,Utah,35,Salt Lake,40.736389,-111.872222
4/15/2017,AQS,490353006,1,0.3,ppm,3,Hawthorne,24,100,42101,Carbon monoxide,41620,"Salt Lake City, UT",49,Utah,35,Salt Lake,40.736389,-111.872222
4/16/2017,AQS,490353006,1,0.3,ppm,3,Hawthorne,24,100,42101,Carbon monoxide,41620,"Salt Lake City, UT",49,Utah,35,Salt Lake,40.736389,-111.872222
4/17/2017,AQS,490353006,1,0.3,ppm,3,Hawthorne,24,100,42101,Carbon monoxide,41620,"Salt Lake City, UT",49,Utah,35,Salt Lake,40.736389,-111.872222
4/18/2017,AQS,490353006,1,0.4,ppm,5,Hawthorne,24,100,42101,Carbon monoxide,41620,"Salt Lake City, UT",49,Utah,35,Salt Lake,40.736389,-111.872222
4/19/2017,AQS,490353006,1,0.2,ppm,2,Hawthorne,24,100,42101,Carbon monoxide,41620,"Salt Lake City, UT",49,Utah,35,Salt Lake,40.736389,-111.872222
4/20/2017,AQS,490353006,1,0.3,ppm,3,Hawthorne,24,100,42101,Carbon monoxide,41620,"Salt Lake City, UT",49,Utah,35,Salt Lake,40.736389,-111.872222
4/21/2017,AQS,490353006,1,0.2,ppm,2,Hawthorne,24,100,42101,Carbon monoxide,41620,"Salt Lake City, UT",49,Utah,35,Salt Lake,40.736389,-111.872222
4/22/2017,AQS,490353006,1,0.3,ppm,3,Hawthorne,24,100,42101,Carbon monoxide,41620,"Salt Lake City, UT",49,Utah,35,Salt Lake,40.736389,-111.872222
4/23/2017,AQS,490353006,1,0.3,ppm,3,Hawthorne,24,100,42101,Carbon monoxide,41620,"Salt Lake City, UT",49,Utah,35,Salt Lake,40.736389,-111.872222
4/24/2017,AQS,490353006,1,0.4,ppm,5,Hawthorne,24,100,42101,Carbon monoxide,41620,"Salt Lake City, UT",49,Utah,35,Salt Lake,40.736389,-111.872222
4/25/2017,AQS,490353006,1,0.3,ppm,3,Hawthorne,18,75,42101,Carbon monoxide,41620,"Salt Lake City, UT",49,Utah,35,Salt Lake,40.736389,-111.872222
4/26/2017,AQS,490353006,1,0.3,ppm,3,Hawthorne,24,100,42101,Carbon monoxide,41620,"Salt Lake City, UT",49,Utah,35,Salt Lake,40.736389,-111.872222
4/27/2017,AQS,490353006,1,0.2,ppm,2,Hawthorne,24,100,42101,Carbon monoxide,41620,"Salt Lake City, UT",49,Utah,35,Salt Lake,40.736389,-111.872222
4/28/2017,AQS,490353006,1,0.2,ppm,2,Hawthorne,24,100,42101,Carbon monoxide,41620,"Salt Lake City, UT",49,Utah,35,Salt Lake,40.736389,-111.872222
4/29/2017,AQS,490353006,1,0.2,ppm,2,Hawthorne,24,100,42101,Carbon monoxide,41620,"Salt Lake City, UT",49,Utah,35,Salt Lake,40.736389,-111.872222
4/30/2017,AQS,490353006,1,0.3,ppm,3,Hawthorne,24,100,42101,Carbon monoxide,41620,"Salt Lake City, UT",49,Utah,35,Salt Lake,40.736389,-111.872222
5/1/2017,AQS,490353006,1,0.3,ppm,3,Hawthorne,24,100,42101,Carbon monoxide,41620,"Salt Lake City, UT",49,Utah,35,Salt Lake,40.736389,-111.872222
5/2/2017,AQS,490353006,1,0.3,ppm,3,Hawthorne,24,100,42101,Carbon monoxide,41620,"Salt Lake City, UT",49,Utah,35,Salt Lake,40.736389,-111.872222
5/3/2017,AQS,490353006,1,0.3,ppm,3,Hawthorne,24,100,42101,Carbon monoxide,41620,"Salt Lake City, UT",49,Utah,35,Salt Lake,40.736389,-111.872222
5/4/2017,AQS,490353006,1,0.4,ppm,5,Hawthorne,24,100,42101,Carbon monoxide,41620,"Salt Lake City, UT",49,Utah,35,Salt Lake,40.736389,-111.872222
5/5/2017,AQS,490353006,1,0.4,ppm,5,Hawthorne,24,100,42101,Carbon monoxide,41620,"Salt Lake City, UT",49,Utah,35,Salt Lake,40.736389,-111.872222
5/6/2017,AQS,490353006,1,0.3,ppm,3,Hawthorne,24,100,42101,Carbon monoxide,41620,"Salt Lake City, UT",49,Utah,35,Salt Lake,40.736389,-111.872222
5/7/2017,AQS,490353006,1,0.2,ppm,2,Hawthorne,24,100,42101,Carbon monoxide,41620,"Salt Lake City, UT",49,Utah,35,Salt Lake,40.736389,-111.872222
5/8/2017,AQS,490353006,1,0.2,ppm,2,Hawthorne,24,100,42101,Carbon monoxide,41620,"Salt Lake City, UT",49,Utah,35,Salt Lake,40.736389,-111.872222
5/9/2017,AQS,490353006,1,0.2,ppm,2,Hawthorne,24,100,42101,Carbon monoxide,41620,"Salt Lake City, UT",49,Utah,35,Salt Lake,40.736389,-111.872222
5/10/2017,AQS,490353006,1,0.2,ppm,2,Hawthorne,24,100,42101,Carbon monoxide,41620,"Salt Lake City, UT",49,Utah,35,Salt Lake,40.736389,-111.872222
5/11/2017,AQS,490353006,1,0.3,ppm,3,Hawthorne,24,100,42101,Carbon monoxide,41620,"Salt Lake City, UT",49,Utah,35,Salt Lake,40.736389,-111.872222
5/12/2017,AQS,490353006,1,0.3,ppm,3,Hawthorne,24,100,42101,Carbon monoxide,41620,"Salt Lake City, UT",49,Utah,35,Salt Lake,40.736389,-111.872222
5/13/2017,AQS,490353006,1,0.2,ppm,2,Hawthorne,24,100,42101,Carbon monoxide,41620,"Salt Lake City, UT",49,Utah,35,Salt Lake,40.736389,-111.872222
5/14/2017,AQS,490353006,1,0.3,ppm,3,Hawthorne,24,100,42101,Carbon monoxide,41620,"Salt Lake City, UT",49,Utah,35,Salt Lake,40.736389,-111.872222
5/15/2017,AQS,490353006,1,0.3,ppm,3,Hawthorne,24,100,42101,Carbon monoxide,41620,"Salt Lake City, UT",49,Utah,35,Salt Lake,40.736389,-111.872222
5/16/2017,AQS,490353006,1,0.2,ppm,2,Hawthorne,24,100,42101,Carbon monoxide,41620,"Salt Lake City, UT",49,Utah,35,Salt Lake,40.736389,-111.872222
5/17/2017,AQS,490353006,1,0.2,ppm,2,Hawthorne,24,100,42101,Carbon monoxide,41620,"Salt Lake City, UT",49,Utah,35,Salt Lake,40.736389,-111.872222
5/18/2017,AQS,490353006,1,0.2,ppm,2,Hawthorne,24,100,42101,Carbon monoxide,41620,"Salt Lake City, UT",49,Utah,35,Salt Lake,40.736389,-111.872222
5/19/2017,AQS,490353006,1,0.2,ppm,2,Hawthorne,24,100,42101,Carbon monoxide,41620,"Salt Lake City, UT",49,Utah,35,Salt Lake,40.736389,-111.872222
5/20/2017,AQS,490353006,1,0.2,ppm,2,Hawthorne,24,100,42101,Carbon monoxide,41620,"Salt Lake City, UT",49,Utah,35,Salt Lake,40.736389,-111.872222
5/21/2017,AQS,490353006,1,0.2,ppm,2,Hawthorne,24,100,42101,Carbon monoxide,41620,"Salt Lake City, UT",49,Utah,35,Salt Lake,40.736389,-111.872222
5/22/2017,AQS,490353006,1,0.3,ppm,3,Hawthorne,24,100,42101,Carbon monoxide,41620,"Salt Lake City, UT",49,Utah,35,Salt Lake,40.736389,-111.872222
5/23/2017,AQS,490353006,1,0.3,ppm,3,Hawthorne,24,100,42101,Carbon monoxide,41620,"Salt Lake City, UT",49,Utah,35,Salt Lake,40.736389,-111.872222
5/24/2017,AQS,490353006,1,0.3,ppm,3,Hawthorne,24,100,42101,Carbon monoxide,41620,"Salt Lake City, UT",49,Utah,35,Salt Lake,40.736389,-111.872222
5/25/2017,AQS,490353006,1,0.2,ppm,2,Hawthorne,24,100,42101,Carbon monoxide,41620,"Salt Lake City, UT",49,Utah,35,Salt Lake,40.736389,-111.872222
5/26/2017,AQS,490353006,1,0.3,ppm,3,Hawthorne,24,100,42101,Carbon monoxide,41620,"Salt Lake City, UT",49,Utah,35,Salt Lake,40.736389,-111.872222
5/27/2017,AQS,490353006,1,0.2,ppm,2,Hawthorne,24,100,42101,Carbon monoxide,41620,"Salt Lake City, UT",49,Utah,35,Salt Lake,40.736389,-111.872222
5/28/2017,AQS,490353006,1,0.2,ppm,2,Hawthorne,24,100,42101,Carbon monoxide,41620,"Salt Lake City, UT",49,Utah,35,Salt Lake,40.736389,-111.872222
5/29/2017,AQS,490353006,1,0.3,ppm,3,Hawthorne,24,100,42101,Carbon monoxide,41620,"Salt Lake City, UT",49,Utah,35,Salt Lake,40.736389,-111.872222
5/30/2017,AQS,490353006,1,0.3,ppm,3,Hawthorne,24,100,42101,Carbon monoxide,41620,"Salt Lake City, UT",49,Utah,35,Salt Lake,40.736389,-111.872222
5/31/2017,AQS,490353006,1,0.3,ppm,3,Hawthorne,24,100,42101,Carbon monoxide,41620,"Salt Lake City, UT",49,Utah,35,Salt Lake,40.736389,-111.872222
6/1/2017,AQS,490353006,1,0.3,ppm,3,Hawthorne,24,100,42101,Carbon monoxide,41620,"Salt Lake City, UT",49,Utah,35,Salt Lake,40.736389,-111.872222
6/2/2017,AQS,490353006,1,0.2,ppm,2,Hawthorne,20,83,42101,Carbon monoxide,41620,"Salt Lake City, UT",49,Utah,35,Salt Lake,40.736389,-111.872222
6/3/2017,AQS,490353006,1,0.3,ppm,3,Hawthorne,24,100,42101,Carbon monoxide,41620,"Salt Lake City, UT",49,Utah,35,Salt Lake,40.736389,-111.872222
6/4/2017,AQS,490353006,1,0.2,ppm,2,Hawthorne,24,100,42101,Carbon monoxide,41620,"Salt Lake City, UT",49,Utah,35,Salt Lake,40.736389,-111.872222
6/5/2017,AQS,490353006,1,0.2,ppm,2,Hawthorne,24,100,42101,Carbon monoxide,41620,"Salt Lake City, UT",49,Utah,35,Salt Lake,40.736389,-111.872222
6/6/2017,AQS,490353006,1,0.3,ppm,3,Hawthorne,24,100,42101,Carbon monoxide,41620,"Salt Lake City, UT",49,Utah,35,Salt Lake,40.736389,-111.872222
6/7/2017,AQS,490353006,1,0.2,ppm,2,Hawthorne,24,100,42101,Carbon monoxide,41620,"Salt Lake City, UT",49,Utah,35,Salt Lake,40.736389,-111.872222
6/8/2017,AQS,490353006,1,0.2,ppm,2,Hawthorne,24,100,42101,Carbon monoxide,41620,"Salt Lake City, UT",49,Utah,35,Salt Lake,40.736389,-111.872222
6/9/2017,AQS,490353006,1,0.2,ppm,2,Hawthorne,24,100,42101,Carbon monoxide,41620,"Salt Lake City, UT",49,Utah,35,Salt Lake,40.736389,-111.872222
6/10/2017,AQS,490353006,1,0.2,ppm,2,Hawthorne,24,100,42101,Carbon monoxide,41620,"Salt Lake City, UT",49,Utah,35,Salt Lake,40.736389,-111.872222
6/11/2017,AQS,490353006,1,0.2,ppm,2,Hawthorne,24,100,42101,Carbon monoxide,41620,"Salt Lake City, UT",49,Utah,35,Salt Lake,40.736389,-111.872222
6/12/2017,AQS,490353006,1,0.2,ppm,2,Hawthorne,24,100,42101,Carbon monoxide,41620,"Salt Lake City, UT",49,Utah,35,Salt Lake,40.736389,-111.872222
6/13/2017,AQS,490353006,1,0.2,ppm,2,Hawthorne,24,100,42101,Carbon monoxide,41620,"Salt Lake City, UT",49,Utah,35,Salt Lake,40.736389,-111.872222
6/14/2017,AQS,490353006,1,0.2,ppm,2,Hawthorne,24,100,42101,Carbon monoxide,41620,"Salt Lake City, UT",49,Utah,35,Salt Lake,40.736389,-111.872222
6/15/2017,AQS,490353006,1,0.3,ppm,3,Hawthorne,24,100,42101,Carbon monoxide,41620,"Salt Lake City, UT",49,Utah,35,Salt Lake,40.736389,-111.872222
6/16/2017,AQS,490353006,1,0.2,ppm,2,Hawthorne,24,100,42101,Carbon monoxide,41620,"Salt Lake City, UT",49,Utah,35,Salt Lake,40.736389,-111.872222
6/17/2017,AQS,490353006,1,0.2,ppm,2,Hawthorne,24,100,42101,Carbon monoxide,41620,"Salt Lake City, UT",49,Utah,35,Salt Lake,40.736389,-111.872222
6/18/2017,AQS,490353006,1,0.2,ppm,2,Hawthorne,24,100,42101,Carbon monoxide,41620,"Salt Lake City, UT",49,Utah,35,Salt Lake,40.736389,-111.872222
6/19/2017,AQS,490353006,1,0.3,ppm,3,Hawthorne,24,100,42101,Carbon monoxide,41620,"Salt Lake City, UT",49,Utah,35,Salt Lake,40.736389,-111.872222
6/20/2017,AQS,490353006,1,0.3,ppm,3,Hawthorne,24,100,42101,Carbon monoxide,41620,"Salt Lake City, UT",49,Utah,35,Salt Lake,40.736389,-111.872222
6/21/2017,AQS,490353006,1,0.3,ppm,3,Hawthorne,24,100,42101,Carbon monoxide,41620,"Salt Lake City, UT",49,Utah,35,Salt Lake,40.736389,-111.872222
6/22/2017,AQS,490353006,1,0.5,ppm,6,Hawthorne,24,100,42101,Carbon monoxide,41620,"Salt Lake City, UT",49,Utah,35,Salt Lake,40.736389,-111.872222
6/23/2017,AQS,490353006,1,0.2,ppm,2,Hawthorne,24,100,42101,Carbon monoxide,41620,"Salt Lake City, UT",49,Utah,35,Salt Lake,40.736389,-111.872222
6/24/2017,AQS,490353006,1,0.2,ppm,2,Hawthorne,24,100,42101,Carbon monoxide,41620,"Salt Lake City, UT",49,Utah,35,Salt Lake,40.736389,-111.872222
6/25/2017,AQS,490353006,1,0.2,ppm,2,Hawthorne,24,100,42101,Carbon monoxide,41620,"Salt Lake City, UT",49,Utah,35,Salt Lake,40.736389,-111.872222
6/26/2017,AQS,490353006,1,0.3,ppm,3,Hawthorne,24,100,42101,Carbon monoxide,41620,"Salt Lake City, UT",49,Utah,35,Salt Lake,40.736389,-111.872222
6/27/2017,AQS,490353006,1,0.2,ppm,2,Hawthorne,24,100,42101,Carbon monoxide,41620,"Salt Lake City, UT",49,Utah,35,Salt Lake,40.736389,-111.872222
6/28/2017,AQS,490353006,1,0.3,ppm,3,Hawthorne,24,100,42101,Carbon monoxide,41620,"Salt Lake City, UT",49,Utah,35,Salt Lake,40.736389,-111.872222
6/29/2017,AQS,490353006,1,0.2,ppm,2,Hawthorne,24,100,42101,Carbon monoxide,41620,"Salt Lake City, UT",49,Utah,35,Salt Lake,40.736389,-111.872222
6/30/2017,AQS,490353006,1,0.1,ppm,1,Hawthorne,24,100,42101,Carbon monoxide,41620,"Salt Lake City, UT",49,Utah,35,Salt Lake,40.736389,-111.872222
7/1/2017,AQS,490353006,1,0.2,ppm,2,Hawthorne,24,100,42101,Carbon monoxide,41620,"Salt Lake City, UT",49,Utah,35,Salt Lake,40.736389,-111.872222
7/2/2017,AQS,490353006,1,0.4,ppm,5,Hawthorne,24,100,42101,Carbon monoxide,41620,"Salt Lake City, UT",49,Utah,35,Salt Lake,40.736389,-111.872222
7/3/2017,AQS,490353006,1,0.5,ppm,6,Hawthorne,11,46,42101,Carbon monoxide,41620,"Salt Lake City, UT",49,Utah,35,Salt Lake,40.736389,-111.872222
7/4/2017,AQS,490353006,1,0.2,ppm,2,Hawthorne,24,100,42101,Carbon monoxide,41620,"Salt Lake City, UT",49,Utah,35,Salt Lake,40.736389,-111.872222
7/5/2017,AQS,490353006,1,0.3,ppm,3,Hawthorne,24,100,42101,Carbon monoxide,41620,"Salt Lake City, UT",49,Utah,35,Salt Lake,40.736389,-111.872222
7/6/2017,AQS,490353006,1,0.4,ppm,5,Hawthorne,24,100,42101,Carbon monoxide,41620,"Salt Lake City, UT",49,Utah,35,Salt Lake,40.736389,-111.872222
7/7/2017,AQS,490353006,1,0.2,ppm,2,Hawthorne,24,100,42101,Carbon monoxide,41620,"Salt Lake City, UT",49,Utah,35,Salt Lake,40.736389,-111.872222
7/8/2017,AQS,490353006,1,0.2,ppm,2,Hawthorne,24,100,42101,Carbon monoxide,41620,"Salt Lake City, UT",49,Utah,35,Salt Lake,40.736389,-111.872222
7/9/2017,AQS,490353006,1,0.2,ppm,2,Hawthorne,24,100,42101,Carbon monoxide,41620,"Salt Lake City, UT",49,Utah,35,Salt Lake,40.736389,-111.872222
7/10/2017,AQS,490353006,1,0.3,ppm,3,Hawthorne,24,100,42101,Carbon monoxide,41620,"Salt Lake City, UT",49,Utah,35,Salt Lake,40.736389,-111.872222
7/11/2017,AQS,490353006,1,0.2,ppm,2,Hawthorne,24,100,42101,Carbon monoxide,41620,"Salt Lake City, UT",49,Utah,35,Salt Lake,40.736389,-111.872222
7/12/2017,AQS,490353006,1,0.2,ppm,2,Hawthorne,24,100,42101,Carbon monoxide,41620,"Salt Lake City, UT",49,Utah,35,Salt Lake,40.736389,-111.872222
7/13/2017,AQS,490353006,1,0.4,ppm,5,Hawthorne,24,100,42101,Carbon monoxide,41620,"Salt Lake City, UT",49,Utah,35,Salt Lake,40.736389,-111.872222
7/14/2017,AQS,490353006,1,0.3,ppm,3,Hawthorne,24,100,42101,Carbon monoxide,41620,"Salt Lake City, UT",49,Utah,35,Salt Lake,40.736389,-111.872222
7/15/2017,AQS,490353006,1,0.2,ppm,2,Hawthorne,24,100,42101,Carbon monoxide,41620,"Salt Lake City, UT",49,Utah,35,Salt Lake,40.736389,-111.872222
7/16/2017,AQS,490353006,1,0.2,ppm,2,Hawthorne,24,100,42101,Carbon monoxide,41620,"Salt Lake City, UT",49,Utah,35,Salt Lake,40.736389,-111.872222
7/17/2017,AQS,490353006,1,0.4,ppm,5,Hawthorne,24,100,42101,Carbon monoxide,41620,"Salt Lake City, UT",49,Utah,35,Salt Lake,40.736389,-111.872222
7/18/2017,AQS,490353006,1,0.1,ppm,1,Hawthorne,2,8,42101,Carbon monoxide,41620,"Salt Lake City, UT",49,Utah,35,Salt Lake,40.736389,-111.872222
7/20/2017,AQS,490353006,1,0.3,ppm,3,Hawthorne,4,17,42101,Carbon monoxide,41620,"Salt Lake City, UT",49,Utah,35,Salt Lake,40.736389,-111.872222
7/21/2017,AQS,490353006,1,0.3,ppm,3,Hawthorne,24,100,42101,Carbon monoxide,41620,"Salt Lake City, UT",49,Utah,35,Salt Lake,40.736389,-111.872222
7/22/2017,AQS,490353006,1,0.2,ppm,2,Hawthorne,24,100,42101,Carbon monoxide,41620,"Salt Lake City, UT",49,Utah,35,Salt Lake,40.736389,-111.872222
7/23/2017,AQS,490353006,1,0.2,ppm,2,Hawthorne,24,100,42101,Carbon monoxide,41620,"Salt Lake City, UT",49,Utah,35,Salt Lake,40.736389,-111.872222
7/24/2017,AQS,490353006,1,0.3,ppm,3,Hawthorne,24,100,42101,Carbon monoxide,41620,"Salt Lake City, UT",49,Utah,35,Salt Lake,40.736389,-111.872222
7/25/2017,AQS,490353006,1,0.2,ppm,2,Hawthorne,24,100,42101,Carbon monoxide,41620,"Salt Lake City, UT",49,Utah,35,Salt Lake,40.736389,-111.872222
7/26/2017,AQS,490353006,1,0.2,ppm,2,Hawthorne,24,100,42101,Carbon monoxide,41620,"Salt Lake City, UT",49,Utah,35,Salt Lake,40.736389,-111.872222
7/27/2017,AQS,490353006,1,0.2,ppm,2,Hawthorne,24,100,42101,Carbon monoxide,41620,"Salt Lake City, UT",49,Utah,35,Salt Lake,40.736389,-111.872222
7/28/2017,AQS,490353006,1,0.4,ppm,5,Hawthorne,24,100,42101,Carbon monoxide,41620,"Salt Lake City, UT",49,Utah,35,Salt Lake,40.736389,-111.872222
7/29/2017,AQS,490353006,1,0.2,ppm,2,Hawthorne,24,100,42101,Carbon monoxide,41620,"Salt Lake City, UT",49,Utah,35,Salt Lake,40.736389,-111.872222
7/30/2017,AQS,490353006,1,0.2,ppm,2,Hawthorne,24,100,42101,Carbon monoxide,41620,"Salt Lake City, UT",49,Utah,35,Salt Lake,40.736389,-111.872222
7/31/2017,AQS,490353006,1,0.4,ppm,5,Hawthorne,24,100,42101,Carbon monoxide,41620,"Salt Lake City, UT",49,Utah,35,Salt Lake,40.736389,-111.872222
8/1/2017,AQS,490353006,1,0.2,ppm,2,Hawthorne,24,100,42101,Carbon monoxide,41620,"Salt Lake City, UT",49,Utah,35,Salt Lake,40.736389,-111.872222
8/2/2017,AQS,490353006,1,0.3,ppm,3,Hawthorne,24,100,42101,Carbon monoxide,41620,"Salt Lake City, UT",49,Utah,35,Salt Lake,40.736389,-111.872222
8/3/2017,AQS,490353006,1,0.3,ppm,3,Hawthorne,24,100,42101,Carbon monoxide,41620,"Salt Lake City, UT",49,Utah,35,Salt Lake,40.736389,-111.872222
8/4/2017,AQS,490353006,1,0.3,ppm,3,Hawthorne,24,100,42101,Carbon monoxide,41620,"Salt Lake City, UT",49,Utah,35,Salt Lake,40.736389,-111.872222
8/5/2017,AQS,490353006,1,0.2,ppm,2,Hawthorne,24,100,42101,Carbon monoxide,41620,"Salt Lake City, UT",49,Utah,35,Salt Lake,40.736389,-111.872222
8/6/2017,AQS,490353006,1,0.3,ppm,3,Hawthorne,24,100,42101,Carbon monoxide,41620,"Salt Lake City, UT",49,Utah,35,Salt Lake,40.736389,-111.872222
8/7/2017,AQS,490353006,1,0.3,ppm,3,Hawthorne,24,100,42101,Carbon monoxide,41620,"Salt Lake City, UT",49,Utah,35,Salt Lake,40.736389,-111.872222
8/8/2017,AQS,490353006,1,0.3,ppm,3,Hawthorne,24,100,42101,Carbon monoxide,41620,"Salt Lake City, UT",49,Utah,35,Salt Lake,40.736389,-111.872222
8/9/2017,AQS,490353006,1,0.2,ppm,2,Hawthorne,24,100,42101,Carbon monoxide,41620,"Salt Lake City, UT",49,Utah,35,Salt Lake,40.736389,-111.872222
8/10/2017,AQS,490353006,1,0.2,ppm,2,Hawthorne,24,100,42101,Carbon monoxide,41620,"Salt Lake City, UT",49,Utah,35,Salt Lake,40.736389,-111.872222
8/11/2017,AQS,490353006,1,0.2,ppm,2,Hawthorne,24,100,42101,Carbon monoxide,41620,"Salt Lake City, UT",49,Utah,35,Salt Lake,40.736389,-111.872222
8/12/2017,AQS,490353006,1,0.2,ppm,2,Hawthorne,24,100,42101,Carbon monoxide,41620,"Salt Lake City, UT",49,Utah,35,Salt Lake,40.736389,-111.872222
8/13/2017,AQS,490353006,1,0.2,ppm,2,Hawthorne,24,100,42101,Carbon monoxide,41620,"Salt Lake City, UT",49,Utah,35,Salt Lake,40.736389,-111.872222
8/14/2017,AQS,490353006,1,0.4,ppm,5,Hawthorne,24,100,42101,Carbon monoxide,41620,"Salt Lake City, UT",49,Utah,35,Salt Lake,40.736389,-111.872222
8/15/2017,AQS,490353006,1,0.2,ppm,2,Hawthorne,24,100,42101,Carbon monoxide,41620,"Salt Lake City, UT",49,Utah,35,Salt Lake,40.736389,-111.872222
8/16/2017,AQS,490353006,1,0.3,ppm,3,Hawthorne,24,100,42101,Carbon monoxide,41620,"Salt Lake City, UT",49,Utah,35,Salt Lake,40.736389,-111.872222
8/17/2017,AQS,490353006,1,0.4,ppm,5,Hawthorne,24,100,42101,Carbon monoxide,41620,"Salt Lake City, UT",49,Utah,35,Salt Lake,40.736389,-111.872222
8/18/2017,AQS,490353006,1,0.4,ppm,5,Hawthorne,24,100,42101,Carbon monoxide,41620,"Salt Lake City, UT",49,Utah,35,Salt Lake,40.736389,-111.872222
8/19/2017,AQS,490353006,1,0.3,ppm,3,Hawthorne,24,100,42101,Carbon monoxide,41620,"Salt Lake City, UT",49,Utah,35,Salt Lake,40.736389,-111.872222
8/20/2017,AQS,490353006,1,0.3,ppm,3,Hawthorne,24,100,42101,Carbon monoxide,41620,"Salt Lake City, UT",49,Utah,35,Salt Lake,40.736389,-111.872222
8/21/2017,AQS,490353006,1,0.3,ppm,3,Hawthorne,24,100,42101,Carbon monoxide,41620,"Salt Lake City, UT",49,Utah,35,Salt Lake,40.736389,-111.872222
8/22/2017,AQS,490353006,1,0.4,ppm,5,Hawthorne,24,100,42101,Carbon monoxide,41620,"Salt Lake City, UT",49,Utah,35,Salt Lake,40.736389,-111.872222
8/23/2017,AQS,490353006,1,0.2,ppm,2,Hawthorne,24,100,42101,Carbon monoxide,41620,"Salt Lake City, UT",49,Utah,35,Salt Lake,40.736389,-111.872222
8/24/2017,AQS,490353006,1,0.3,ppm,3,Hawthorne,24,100,42101,Carbon monoxide,41620,"Salt Lake City, UT",49,Utah,35,Salt Lake,40.736389,-111.872222
8/25/2017,AQS,490353006,1,0.3,ppm,3,Hawthorne,24,100,42101,Carbon monoxide,41620,"Salt Lake City, UT",49,Utah,35,Salt Lake,40.736389,-111.872222
8/26/2017,AQS,490353006,1,0.3,ppm,3,Hawthorne,24,100,42101,Carbon monoxide,41620,"Salt Lake City, UT",49,Utah,35,Salt Lake,40.736389,-111.872222
8/27/2017,AQS,490353006,1,0.3,ppm,3,Hawthorne,24,100,42101,Carbon monoxide,41620,"Salt Lake City, UT",49,Utah,35,Salt Lake,40.736389,-111.872222
8/28/2017,AQS,490353006,1,0.5,ppm,6,Hawthorne,24,100,42101,Carbon monoxide,41620,"Salt Lake City, UT",49,Utah,35,Salt Lake,40.736389,-111.872222
8/29/2017,AQS,490353006,1,0.5,ppm,6,Hawthorne,24,100,42101,Carbon monoxide,41620,"Salt Lake City, UT",49,Utah,35,Salt Lake,40.736389,-111.872222
8/30/2017,AQS,490353006,1,0.3,ppm,3,Hawthorne,24,100,42101,Carbon monoxide,41620,"Salt Lake City, UT",49,Utah,35,Salt Lake,40.736389,-111.872222
8/31/2017,AQS,490353006,1,0.3,ppm,3,Hawthorne,24,100,42101,Carbon monoxide,41620,"Salt Lake City, UT",49,Utah,35,Salt Lake,40.736389,-111.872222
9/1/2017,AQS,490353006,1,0.4,ppm,5,Hawthorne,24,100,42101,Carbon monoxide,41620,"Salt Lake City, UT",49,Utah,35,Salt Lake,40.736389,-111.872222
9/2/2017,AQS,490353006,1,0.4,ppm,5,Hawthorne,24,100,42101,Carbon monoxide,41620,"Salt Lake City, UT",49,Utah,35,Salt Lake,40.736389,-111.872222
9/3/2017,AQS,490353006,1,0.4,ppm,5,Hawthorne,24,100,42101,Carbon monoxide,41620,"Salt Lake City, UT",49,Utah,35,Salt Lake,40.736389,-111.872222
9/4/2017,AQS,490353006,1,0.4,ppm,5,Hawthorne,24,100,42101,Carbon monoxide,41620,"Salt Lake City, UT",49,Utah,35,Salt Lake,40.736389,-111.872222
9/5/2017,AQS,490353006,1,0.5,ppm,6,Hawthorne,24,100,42101,Carbon monoxide,41620,"Salt Lake City, UT",49,Utah,35,Salt Lake,40.736389,-111.872222
9/6/2017,AQS,490353006,1,0.6,ppm,7,Hawthorne,24,100,42101,Carbon monoxide,41620,"Salt Lake City, UT",49,Utah,35,Salt Lake,40.736389,-111.872222
9/7/2017,AQS,490353006,1,0.6,ppm,7,Hawthorne,24,100,42101,Carbon monoxide,41620,"Salt Lake City, UT",49,Utah,35,Salt Lake,40.736389,-111.872222
9/8/2017,AQS,490353006,1,0.4,ppm,5,Hawthorne,24,100,42101,Carbon monoxide,41620,"Salt Lake City, UT",49,Utah,35,Salt Lake,40.736389,-111.872222
9/9/2017,AQS,490353006,1,0.3,ppm,3,Hawthorne,24,100,42101,Carbon monoxide,41620,"Salt Lake City, UT",49,Utah,35,Salt Lake,40.736389,-111.872222
9/10/2017,AQS,490353006,1,0.3,ppm,3,Hawthorne,24,100,42101,Carbon monoxide,41620,"Salt Lake City, UT",49,Utah,35,Salt Lake,40.736389,-111.872222
9/11/2017,AQS,490353006,1,0.5,ppm,6,Hawthorne,24,100,42101,Carbon monoxide,41620,"Salt Lake City, UT",49,Utah,35,Salt Lake,40.736389,-111.872222
9/12/2017,AQS,490353006,1,0.4,ppm,5,Hawthorne,24,100,42101,Carbon monoxide,41620,"Salt Lake City, UT",49,Utah,35,Salt Lake,40.736389,-111.872222
9/13/2017,AQS,490353006,1,0.3,ppm,3,Hawthorne,24,100,42101,Carbon monoxide,41620,"Salt Lake City, UT",49,Utah,35,Salt Lake,40.736389,-111.872222
9/14/2017,AQS,490353006,1,0.3,ppm,3,Hawthorne,24,100,42101,Carbon monoxide,41620,"Salt Lake City, UT",49,Utah,35,Salt Lake,40.736389,-111.872222
9/15/2017,AQS,490353006,1,0.3,ppm,3,Hawthorne,24,100,42101,Carbon monoxide,41620,"Salt Lake City, UT",49,Utah,35,Salt Lake,40.736389,-111.872222
9/16/2017,AQS,490353006,1,0.4,ppm,5,Hawthorne,24,100,42101,Carbon monoxide,41620,"Salt Lake City, UT",49,Utah,35,Salt Lake,40.736389,-111.872222
9/17/2017,AQS,490353006,1,0.4,ppm,5,Hawthorne,24,100,42101,Carbon monoxide,41620,"Salt Lake City, UT",49,Utah,35,Salt Lake,40.736389,-111.872222
9/18/2017,AQS,490353006,1,0.4,ppm,5,Hawthorne,24,100,42101,Carbon monoxide,41620,"Salt Lake City, UT",49,Utah,35,Salt Lake,40.736389,-111.872222
9/19/2017,AQS,490353006,1,0.2,ppm,2,Hawthorne,24,100,42101,Carbon monoxide,41620,"Salt Lake City, UT",49,Utah,35,Salt Lake,40.736389,-111.872222
9/20/2017,AQS,490353006,1,0.4,ppm,5,Hawthorne,24,100,42101,Carbon monoxide,41620,"Salt Lake City, UT",49,Utah,35,Salt Lake,40.736389,-111.872222
9/21/2017,AQS,490353006,1,0.2,ppm,2,Hawthorne,14,58,42101,Carbon monoxide,41620,"Salt Lake City, UT",49,Utah,35,Salt Lake,40.736389,-111.872222
9/22/2017,AQS,490353006,1,0.2,ppm,2,Hawthorne,24,100,42101,Carbon monoxide,41620,"Salt Lake City, UT",49,Utah,35,Salt Lake,40.736389,-111.872222
9/23/2017,AQS,490353006,1,0.4,ppm,5,Hawthorne,24,100,42101,Carbon monoxide,41620,"Salt Lake City, UT",49,Utah,35,Salt Lake,40.736389,-111.872222
9/24/2017,AQS,490353006,1,0.2,ppm,2,Hawthorne,24,100,42101,Carbon monoxide,41620,"Salt Lake City, UT",49,Utah,35,Salt Lake,40.736389,-111.872222
9/25/2017,AQS,490353006,1,0.6,ppm,7,Hawthorne,17,71,42101,Carbon monoxide,41620,"Salt Lake City, UT",49,Utah,35,Salt Lake,40.736389,-111.872222
9/26/2017,AQS,490353006,1,0.5,ppm,6,Hawthorne,24,100,42101,Carbon monoxide,41620,"Salt Lake City, UT",49,Utah,35,Salt Lake,40.736389,-111.872222
9/27/2017,AQS,490353006,1,0.3,ppm,3,Hawthorne,24,100,42101,Carbon monoxide,41620,"Salt Lake City, UT",49,Utah,35,Salt Lake,40.736389,-111.872222
9/28/2017,AQS,490353006,1,0.3,ppm,3,Hawthorne,17,71,42101,Carbon monoxide,41620,"Salt Lake City, UT",49,Utah,35,Salt Lake,40.736389,-111.872222
9/29/2017,AQS,490353006,1,0.3,ppm,3,Hawthorne,24,100,42101,Carbon monoxide,41620,"Salt Lake City, UT",49,Utah,35,Salt Lake,40.736389,-111.872222
9/30/2017,AQS,490353006,1,0.3,ppm,3,Hawthorne,24,100,42101,Carbon monoxide,41620,"Salt Lake City, UT",49,Utah,35,Salt Lake,40.736389,-111.872222
10/1/2017,AQS,490353006,1,0.3,ppm,3,Hawthorne,24,100,42101,Carbon monoxide,41620,"Salt Lake City, UT",49,Utah,35,Salt Lake,40.736389,-111.872222
10/2/2017,AQS,490353006,1,0.3,ppm,3,Hawthorne,22,92,42101,Carbon monoxide,41620,"Salt Lake City, UT",49,Utah,35,Salt Lake,40.736389,-111.872222
10/3/2017,AQS,490353006,1,0.6,ppm,7,Hawthorne,24,100,42101,Carbon monoxide,41620,"Salt Lake City, UT",49,Utah,35,Salt Lake,40.736389,-111.872222
10/4/2017,AQS,490353006,1,0.3,ppm,3,Hawthorne,24,100,42101,Carbon monoxide,41620,"Salt Lake City, UT",49,Utah,35,Salt Lake,40.736389,-111.872222
10/5/2017,AQS,490353006,1,0.5,ppm,6,Hawthorne,24,100,42101,Carbon monoxide,41620,"Salt Lake City, UT",49,Utah,35,Salt Lake,40.736389,-111.872222
10/6/2017,AQS,490353006,1,0.4,ppm,5,Hawthorne,24,100,42101,Carbon monoxide,41620,"Salt Lake City, UT",49,Utah,35,Salt Lake,40.736389,-111.872222
10/7/2017,AQS,490353006,1,0.3,ppm,3,Hawthorne,24,100,42101,Carbon monoxide,41620,"Salt Lake City, UT",49,Utah,35,Salt Lake,40.736389,-111.872222
10/8/2017,AQS,490353006,1,0.3,ppm,3,Hawthorne,24,100,42101,Carbon monoxide,41620,"Salt Lake City, UT",49,Utah,35,Salt Lake,40.736389,-111.872222
10/9/2017,AQS,490353006,1,0.4,ppm,5,Hawthorne,24,100,42101,Carbon monoxide,41620,"Salt Lake City, UT",49,Utah,35,Salt Lake,40.736389,-111.872222
10/10/2017,AQS,490353006,1,0.5,ppm,6,Hawthorne,18,75,42101,Carbon monoxide,41620,"Salt Lake City, UT",49,Utah,35,Salt Lake,40.736389,-111.872222
10/11/2017,AQS,490353006,1,0.4,ppm,5,Hawthorne,24,100,42101,Carbon monoxide,41620,"Salt Lake City, UT",49,Utah,35,Salt Lake,40.736389,-111.872222
10/12/2017,AQS,490353006,1,0.4,ppm,5,Hawthorne,24,100,42101,Carbon monoxide,41620,"Salt Lake City, UT",49,Utah,35,Salt Lake,40.736389,-111.872222
10/13/2017,AQS,490353006,1,0.6,ppm,7,Hawthorne,24,100,42101,Carbon monoxide,41620,"Salt Lake City, UT",49,Utah,35,Salt Lake,40.736389,-111.872222
10/14/2017,AQS,490353006,1,0.4,ppm,5,Hawthorne,24,100,42101,Carbon monoxide,41620,"Salt Lake City, UT",49,Utah,35,Salt Lake,40.736389,-111.872222
10/15/2017,AQS,490353006,1,0.3,ppm,3,Hawthorne,24,100,42101,Carbon monoxide,41620,"Salt Lake City, UT",49,Utah,35,Salt Lake,40.736389,-111.872222
10/16/2017,AQS,490353006,1,0.7,ppm,8,Hawthorne,24,100,42101,Carbon monoxide,41620,"Salt Lake City, UT",49,Utah,35,Salt Lake,40.736389,-111.872222
10/17/2017,AQS,490353006,1,0.7,ppm,8,Hawthorne,24,100,42101,Carbon monoxide,41620,"Salt Lake City, UT",49,Utah,35,Salt Lake,40.736389,-111.872222
10/18/2017,AQS,490353006,1,0.8,ppm,9,Hawthorne,24,100,42101,Carbon monoxide,41620,"Salt Lake City, UT",49,Utah,35,Salt Lake,40.736389,-111.872222
10/19/2017,AQS,490353006,1,0.7,ppm,8,Hawthorne,24,100,42101,Carbon monoxide,41620,"Salt Lake City, UT",49,Utah,35,Salt Lake,40.736389,-111.872222
10/20/2017,AQS,490353006,1,0.4,ppm,5,Hawthorne,24,100,42101,Carbon monoxide,41620,"Salt Lake City, UT",49,Utah,35,Salt Lake,40.736389,-111.872222
10/21/2017,AQS,490353006,1,0.4,ppm,5,Hawthorne,24,100,42101,Carbon monoxide,41620,"Salt Lake City, UT",49,Utah,35,Salt Lake,40.736389,-111.872222
10/22/2017,AQS,490353006,1,0.5,ppm,6,Hawthorne,24,100,42101,Carbon monoxide,41620,"Salt Lake City, UT",49,Utah,35,Salt Lake,40.736389,-111.872222
10/23/2017,AQS,490353006,1,0.6,ppm,7,Hawthorne,24,100,42101,Carbon monoxide,41620,"Salt Lake City, UT",49,Utah,35,Salt Lake,40.736389,-111.872222
10/24/2017,AQS,490353006,1,0.6,ppm,7,Hawthorne,24,100,42101,Carbon monoxide,41620,"Salt Lake City, UT",49,Utah,35,Salt Lake,40.736389,-111.872222
10/25/2017,AQS,490353006,1,0.7,ppm,8,Hawthorne,24,100,42101,Carbon monoxide,41620,"Salt Lake City, UT",49,Utah,35,Salt Lake,40.736389,-111.872222
10/26/2017,AQS,490353006,1,0.7,ppm,8,Hawthorne,8,33,42101,Carbon monoxide,41620,"Salt Lake City, UT",49,Utah,35,Salt Lake,40.736389,-111.872222
11/15/2017,AQS,490353006,1,0.4,ppm,5,Hawthorne,9,38,42101,Carbon monoxide,41620,"Salt Lake City, UT",49,Utah,35,Salt Lake,40.736389,-111.872222
11/16/2017,AQS,490353006,1,0.4,ppm,5,Hawthorne,24,100,42101,Carbon monoxide,41620,"Salt Lake City, UT",49,Utah,35,Salt Lake,40.736389,-111.872222
11/17/2017,AQS,490353006,1,0.2,ppm,2,Hawthorne,18,75,42101,Carbon monoxide,41620,"Salt Lake City, UT",49,Utah,35,Salt Lake,40.736389,-111.872222
11/18/2017,AQS,490353006,1,0.3,ppm,3,Hawthorne,24,100,42101,Carbon monoxide,41620,"Salt Lake City, UT",49,Utah,35,Salt Lake,40.736389,-111.872222
11/19/2017,AQS,490353006,1,0.7,ppm,8,Hawthorne,24,100,42101,Carbon monoxide,41620,"Salt Lake City, UT",49,Utah,35,Salt Lake,40.736389,-111.872222
11/20/2017,AQS,490353006,1,0.9,ppm,10,Hawthorne,24,100,42101,Carbon monoxide,41620,"Salt Lake City, UT",49,Utah,35,Salt Lake,40.736389,-111.872222
11/21/2017,AQS,490353006,1,0.8,ppm,9,Hawthorne,18,75,42101,Carbon monoxide,41620,"Salt Lake City, UT",49,Utah,35,Salt Lake,40.736389,-111.872222
11/22/2017,AQS,490353006,1,0.8,ppm,9,Hawthorne,24,100,42101,Carbon monoxide,41620,"Salt Lake City, UT",49,Utah,35,Salt Lake,40.736389,-111.872222
11/23/2017,AQS,490353006,1,0.9,ppm,10,Hawthorne,24,100,42101,Carbon monoxide,41620,"Salt Lake City, UT",49,Utah,35,Salt Lake,40.736389,-111.872222
11/24/2017,AQS,490353006,1,0.6,ppm,7,Hawthorne,24,100,42101,Carbon monoxide,41620,"Salt Lake City, UT",49,Utah,35,Salt Lake,40.736389,-111.872222
11/25/2017,AQS,490353006,1,0.6,ppm,7,Hawthorne,24,100,42101,Carbon monoxide,41620,"Salt Lake City, UT",49,Utah,35,Salt Lake,40.736389,-111.872222
11/26/2017,AQS,490353006,1,0.8,ppm,9,Hawthorne,24,100,42101,Carbon monoxide,41620,"Salt Lake City, UT",49,Utah,35,Salt Lake,40.736389,-111.872222
11/27/2017,AQS,490353006,1,0.3,ppm,3,Hawthorne,24,100,42101,Carbon monoxide,41620,"Salt Lake City, UT",49,Utah,35,Salt Lake,40.736389,-111.872222
11/28/2017,AQS,490353006,1,0.6,ppm,7,Hawthorne,24,100,42101,Carbon monoxide,41620,"Salt Lake City, UT",49,Utah,35,Salt Lake,40.736389,-111.872222
11/29/2017,AQS,490353006,1,0.8,ppm,9,Hawthorne,24,100,42101,Carbon monoxide,41620,"Salt Lake City, UT",49,Utah,35,Salt Lake,40.736389,-111.872222
11/30/2017,AQS,490353006,1,0.8,ppm,9,Hawthorne,24,100,42101,Carbon monoxide,41620,"Salt Lake City, UT",49,Utah,35,Salt Lake,40.736389,-111.872222
12/1/2017,AQS,490353006,1,0.8,ppm,9,Hawthorne,24,100,42101,Carbon monoxide,41620,"Salt Lake City, UT",49,Utah,35,Salt Lake,40.736389,-111.872222
12/2/2017,AQS,490353006,1,0.7,ppm,8,Hawthorne,24,100,42101,Carbon monoxide,41620,"Salt Lake City, UT",49,Utah,35,Salt Lake,40.736389,-111.872222
12/3/2017,AQS,490353006,1,0.7,ppm,8,Hawthorne,24,100,42101,Carbon monoxide,41620,"Salt Lake City, UT",49,Utah,35,Salt Lake,40.736389,-111.872222
12/4/2017,AQS,490353006,1,0.2,ppm,2,Hawthorne,24,100,42101,Carbon monoxide,41620,"Salt Lake City, UT",49,Utah,35,Salt Lake,40.736389,-111.872222
12/5/2017,AQS,490353006,1,0.6,ppm,7,Hawthorne,24,100,42101,Carbon monoxide,41620,"Salt Lake City, UT",49,Utah,35,Salt Lake,40.736389,-111.872222
12/6/2017,AQS,490353006,1,0.9,ppm,10,Hawthorne,24,100,42101,Carbon monoxide,41620,"Salt Lake City, UT",49,Utah,35,Salt Lake,40.736389,-111.872222
12/7/2017,AQS,490353006,1,0.7,ppm,8,Hawthorne,24,100,42101,Carbon monoxide,41620,"Salt Lake City, UT",49,Utah,35,Salt Lake,40.736389,-111.872222
12/8/2017,AQS,490353006,1,0.9,ppm,10,Hawthorne,18,75,42101,Carbon monoxide,41620,"Salt Lake City, UT",49,Utah,35,Salt Lake,40.736389,-111.872222
12/9/2017,AQS,490353006,1,0.9,ppm,10,Hawthorne,24,100,42101,Carbon monoxide,41620,"Salt Lake City, UT",49,Utah,35,Salt Lake,40.736389,-111.872222
12/10/2017,AQS,490353006,1,1,ppm,11,Hawthorne,24,100,42101,Carbon monoxide,41620,"Salt Lake City, UT",49,Utah,35,Salt Lake,40.736389,-111.872222
12/11/2017,AQS,490353006,1,1,ppm,11,Hawthorne,23,96,42101,Carbon monoxide,41620,"Salt Lake City, UT",49,Utah,35,Salt Lake,40.736389,-111.872222
12/12/2017,AQS,490353006,1,0.8,ppm,9,Hawthorne,24,100,42101,Carbon monoxide,41620,"Salt Lake City, UT",49,Utah,35,Salt Lake,40.736389,-111.872222
12/13/2017,AQS,490353006,1,0.8,ppm,9,Hawthorne,24,100,42101,Carbon monoxide,41620,"Salt Lake City, UT",49,Utah,35,Salt Lake,40.736389,-111.872222
12/14/2017,AQS,490353006,1,0.9,ppm,10,Hawthorne,24,100,42101,Carbon monoxide,41620,"Salt Lake City, UT",49,Utah,35,Salt Lake,40.736389,-111.872222
12/15/2017,AQS,490353006,1,1,ppm,11,Hawthorne,24,100,42101,Carbon monoxide,41620,"Salt Lake City, UT",49,Utah,35,Salt Lake,40.736389,-111.872222
12/16/2017,AQS,490353006,1,0.8,ppm,9,Hawthorne,24,100,42101,Carbon monoxide,41620,"Salt Lake City, UT",49,Utah,35,Salt Lake,40.736389,-111.872222
12/17/2017,AQS,490353006,1,0.4,ppm,5,Hawthorne,24,100,42101,Carbon monoxide,41620,"Salt Lake City, UT",49,Utah,35,Salt Lake,40.736389,-111.872222
12/18/2017,AQS,490353006,1,0.9,ppm,10,Hawthorne,20,83,42101,Carbon monoxide,41620,"Salt Lake City, UT",49,Utah,35,Salt Lake,40.736389,-111.872222
12/19/2017,AQS,490353006,1,1,ppm,11,Hawthorne,24,100,42101,Carbon monoxide,41620,"Salt Lake City, UT",49,Utah,35,Salt Lake,40.736389,-111.872222
12/20/2017,AQS,490353006,1,0.7,ppm,8,Hawthorne,24,100,42101,Carbon monoxide,41620,"Salt Lake City, UT",49,Utah,35,Salt Lake,40.736389,-111.872222
12/21/2017,AQS,490353006,1,0.3,ppm,3,Hawthorne,24,100,42101,Carbon monoxide,41620,"Salt Lake City, UT",49,Utah,35,Salt Lake,40.736389,-111.872222
12/22/2017,AQS,490353006,1,0.6,ppm,7,Hawthorne,24,100,42101,Carbon monoxide,41620,"Salt Lake City, UT",49,Utah,35,Salt Lake,40.736389,-111.872222
12/23/2017,AQS,490353006,1,0.7,ppm,8,Hawthorne,24,100,42101,Carbon monoxide,41620,"Salt Lake City, UT",49,Utah,35,Salt Lake,40.736389,-111.872222
12/24/2017,AQS,490353006,1,0.5,ppm,6,Hawthorne,24,100,42101,Carbon monoxide,41620,"Salt Lake City, UT",49,Utah,35,Salt Lake,40.736389,-111.872222
12/25/2017,AQS,490353006,1,0.8,ppm,9,Hawthorne,24,100,42101,Carbon monoxide,41620,"Salt Lake City, UT",49,Utah,35,Salt Lake,40.736389,-111.872222
12/26/2017,AQS,490353006,1,1.1,ppm,13,Hawthorne,24,100,42101,Carbon monoxide,41620,"Salt Lake City, UT",49,Utah,35,Salt Lake,40.736389,-111.872222
12/27/2017,AQS,490353006,1,1.2,ppm,14,Hawthorne,24,100,42101,Carbon monoxide,41620,"Salt Lake City, UT",49,Utah,35,Salt Lake,40.736389,-111.872222
12/28/2017,AQS,490353006,1,1.3,ppm,15,Hawthorne,24,100,42101,Carbon monoxide,41620,"Salt Lake City, UT",49,Utah,35,Salt Lake,40.736389,-111.872222
12/29/2017,AQS,490353006,1,1.5,ppm,17,Hawthorne,24,100,42101,Carbon monoxide,41620,"Salt Lake City, UT",49,Utah,35,Salt Lake,40.736389,-111.872222
12/30/2017,AQS,490353006,1,1.1,ppm,13,Hawthorne,24,100,42101,Carbon monoxide,41620,"Salt Lake City, UT",49,Utah,35,Salt Lake,40.736389,-111.872222
12/31/2017,AQS,490353006,1,0.9,ppm,10,Hawthorne,24,100,42101,Carbon monoxide,41620,"Salt Lake City, UT",49,Utah,35,Salt Lake,40.736389,-111.872222
