Date,Source,Site ID,POC,Daily Max 1-hour NO2 Concentration,UNITS,DAILY_AQI_VALUE,Site Name,DAILY_OBS_COUNT,PERCENT_COMPLETE,AQS_PARAMETER_CODE,AQS_PARAMETER_DESC,CBSA_CODE,CBSA_NAME,STATE_CODE,STATE,COUNTY_CODE,COUNTY,SITE_LATITUDE,SITE_LONGITUDE
1/1/2018,AQS,350010023,1,36.3,ppb,34,DEL NORTE HIGH SCHOOL,24,100,42602,Nitrogen dioxide (NO2),10740,"Albuquerque, NM",35,New Mexico,1,Bernalillo,35.1343,-106.5852
1/2/2018,AQS,350010023,1,39.8,ppb,37,DEL NORTE HIGH SCHOOL,24,100,42602,Nitrogen dioxide (NO2),10740,"Albuquerque, NM",35,New Mexico,1,Bernalillo,35.1343,-106.5852
1/3/2018,AQS,350010023,1,41,ppb,39,DEL NORTE HIGH SCHOOL,24,100,42602,Nitrogen dioxide (NO2),10740,"Albuquerque, NM",35,New Mexico,1,Bernalillo,35.1343,-106.5852
1/4/2018,AQS,350010023,1,42.8,ppb,40,DEL NORTE HIGH SCHOOL,24,100,42602,Nitrogen dioxide (NO2),10740,"Albuquerque, NM",35,New Mexico,1,Bernalillo,35.1343,-106.5852
1/5/2018,AQS,350010023,1,43.8,ppb,41,DEL NORTE HIGH SCHOOL,24,100,42602,Nitrogen dioxide (NO2),10740,"Albuquerque, NM",35,New Mexico,1,Bernalillo,35.1343,-106.5852
1/6/2018,AQS,350010023,1,40.4,ppb,38,DEL NORTE HIGH SCHOOL,24,100,42602,Nitrogen dioxide (NO2),10740,"Albuquerque, NM",35,New Mexico,1,Bernalillo,35.1343,-106.5852
1/7/2018,AQS,350010023,1,18.3,ppb,17,DEL NORTE HIGH SCHOOL,19,79,42602,Nitrogen dioxide (NO2),10740,"Albuquerque, NM",35,New Mexico,1,Bernalillo,35.1343,-106.5852
1/8/2018,AQS,350010023,1,40.5,ppb,38,DEL NORTE HIGH SCHOOL,24,100,42602,Nitrogen dioxide (NO2),10740,"Albuquerque, NM",35,New Mexico,1,Bernalillo,35.1343,-106.5852
1/9/2018,AQS,350010023,1,39.8,ppb,37,DEL NORTE HIGH SCHOOL,24,100,42602,Nitrogen dioxide (NO2),10740,"Albuquerque, NM",35,New Mexico,1,Bernalillo,35.1343,-106.5852
1/10/2018,AQS,350010023,1,28.9,ppb,26,DEL NORTE HIGH SCHOOL,24,100,42602,Nitrogen dioxide (NO2),10740,"Albuquerque, NM",35,New Mexico,1,Bernalillo,35.1343,-106.5852
1/11/2018,AQS,350010023,1,13.7,ppb,12,DEL NORTE HIGH SCHOOL,24,100,42602,Nitrogen dioxide (NO2),10740,"Albuquerque, NM",35,New Mexico,1,Bernalillo,35.1343,-106.5852
1/12/2018,AQS,350010023,1,45.2,ppb,42,DEL NORTE HIGH SCHOOL,24,100,42602,Nitrogen dioxide (NO2),10740,"Albuquerque, NM",35,New Mexico,1,Bernalillo,35.1343,-106.5852
1/13/2018,AQS,350010023,1,34.3,ppb,32,DEL NORTE HIGH SCHOOL,24,100,42602,Nitrogen dioxide (NO2),10740,"Albuquerque, NM",35,New Mexico,1,Bernalillo,35.1343,-106.5852
1/14/2018,AQS,350010023,1,32.2,ppb,30,DEL NORTE HIGH SCHOOL,19,79,42602,Nitrogen dioxide (NO2),10740,"Albuquerque, NM",35,New Mexico,1,Bernalillo,35.1343,-106.5852
1/15/2018,AQS,350010023,1,34.1,ppb,32,DEL NORTE HIGH SCHOOL,24,100,42602,Nitrogen dioxide (NO2),10740,"Albuquerque, NM",35,New Mexico,1,Bernalillo,35.1343,-106.5852
1/16/2018,AQS,350010023,1,33.9,ppb,31,DEL NORTE HIGH SCHOOL,24,100,42602,Nitrogen dioxide (NO2),10740,"Albuquerque, NM",35,New Mexico,1,Bernalillo,35.1343,-106.5852
1/17/2018,AQS,350010023,1,39.1,ppb,37,DEL NORTE HIGH SCHOOL,24,100,42602,Nitrogen dioxide (NO2),10740,"Albuquerque, NM",35,New Mexico,1,Bernalillo,35.1343,-106.5852
1/18/2018,AQS,350010023,1,39.2,ppb,37,DEL NORTE HIGH SCHOOL,24,100,42602,Nitrogen dioxide (NO2),10740,"Albuquerque, NM",35,New Mexico,1,Bernalillo,35.1343,-106.5852
1/19/2018,AQS,350010023,1,45.5,ppb,42,DEL NORTE HIGH SCHOOL,24,100,42602,Nitrogen dioxide (NO2),10740,"Albuquerque, NM",35,New Mexico,1,Bernalillo,35.1343,-106.5852
1/20/2018,AQS,350010023,1,38.4,ppb,36,DEL NORTE HIGH SCHOOL,24,100,42602,Nitrogen dioxide (NO2),10740,"Albuquerque, NM",35,New Mexico,1,Bernalillo,35.1343,-106.5852
1/21/2018,AQS,350010023,1,7,ppb,7,DEL NORTE HIGH SCHOOL,19,79,42602,Nitrogen dioxide (NO2),10740,"Albuquerque, NM",35,New Mexico,1,Bernalillo,35.1343,-106.5852
1/22/2018,AQS,350010023,1,14.7,ppb,13,DEL NORTE HIGH SCHOOL,21,88,42602,Nitrogen dioxide (NO2),10740,"Albuquerque, NM",35,New Mexico,1,Bernalillo,35.1343,-106.5852
1/23/2018,AQS,350010023,1,34.9,ppb,32,DEL NORTE HIGH SCHOOL,19,79,42602,Nitrogen dioxide (NO2),10740,"Albuquerque, NM",35,New Mexico,1,Bernalillo,35.1343,-106.5852
1/24/2018,AQS,350010023,1,45.7,ppb,42,DEL NORTE HIGH SCHOOL,24,100,42602,Nitrogen dioxide (NO2),10740,"Albuquerque, NM",35,New Mexico,1,Bernalillo,35.1343,-106.5852
1/25/2018,AQS,350010023,1,40.1,ppb,38,DEL NORTE HIGH SCHOOL,24,100,42602,Nitrogen dioxide (NO2),10740,"Albuquerque, NM",35,New Mexico,1,Bernalillo,35.1343,-106.5852
1/26/2018,AQS,350010023,1,46.2,ppb,43,DEL NORTE HIGH SCHOOL,24,100,42602,Nitrogen dioxide (NO2),10740,"Albuquerque, NM",35,New Mexico,1,Bernalillo,35.1343,-106.5852
1/27/2018,AQS,350010023,1,44.3,ppb,42,DEL NORTE HIGH SCHOOL,24,100,42602,Nitrogen dioxide (NO2),10740,"Albuquerque, NM",35,New Mexico,1,Bernalillo,35.1343,-106.5852
1/28/2018,AQS,350010023,1,40.4,ppb,38,DEL NORTE HIGH SCHOOL,24,100,42602,Nitrogen dioxide (NO2),10740,"Albuquerque, NM",35,New Mexico,1,Bernalillo,35.1343,-106.5852
1/29/2018,AQS,350010023,1,40.6,ppb,38,DEL NORTE HIGH SCHOOL,19,79,42602,Nitrogen dioxide (NO2),10740,"Albuquerque, NM",35,New Mexico,1,Bernalillo,35.1343,-106.5852
1/30/2018,AQS,350010023,1,45.6,ppb,42,DEL NORTE HIGH SCHOOL,24,100,42602,Nitrogen dioxide (NO2),10740,"Albuquerque, NM",35,New Mexico,1,Bernalillo,35.1343,-106.5852
1/31/2018,AQS,350010023,1,45.4,ppb,42,DEL NORTE HIGH SCHOOL,21,88,42602,Nitrogen dioxide (NO2),10740,"Albuquerque, NM",35,New Mexico,1,Bernalillo,35.1343,-106.5852
2/1/2018,AQS,350010023,1,49.4,ppb,46,DEL NORTE HIGH SCHOOL,24,100,42602,Nitrogen dioxide (NO2),10740,"Albuquerque, NM",35,New Mexico,1,Bernalillo,35.1343,-106.5852
2/2/2018,AQS,350010023,1,41.9,ppb,39,DEL NORTE HIGH SCHOOL,24,100,42602,Nitrogen dioxide (NO2),10740,"Albuquerque, NM",35,New Mexico,1,Bernalillo,35.1343,-106.5852
2/3/2018,AQS,350010023,1,36.7,ppb,34,DEL NORTE HIGH SCHOOL,24,100,42602,Nitrogen dioxide (NO2),10740,"Albuquerque, NM",35,New Mexico,1,Bernalillo,35.1343,-106.5852
2/4/2018,AQS,350010023,1,34.9,ppb,32,DEL NORTE HIGH SCHOOL,19,79,42602,Nitrogen dioxide (NO2),10740,"Albuquerque, NM",35,New Mexico,1,Bernalillo,35.1343,-106.5852
2/5/2018,AQS,350010023,1,40.5,ppb,38,DEL NORTE HIGH SCHOOL,22,92,42602,Nitrogen dioxide (NO2),10740,"Albuquerque, NM",35,New Mexico,1,Bernalillo,35.1343,-106.5852
2/6/2018,AQS,350010023,1,30.2,ppb,28,DEL NORTE HIGH SCHOOL,24,100,42602,Nitrogen dioxide (NO2),10740,"Albuquerque, NM",35,New Mexico,1,Bernalillo,35.1343,-106.5852
2/7/2018,AQS,350010023,1,22.8,ppb,21,DEL NORTE HIGH SCHOOL,24,100,42602,Nitrogen dioxide (NO2),10740,"Albuquerque, NM",35,New Mexico,1,Bernalillo,35.1343,-106.5852
2/8/2018,AQS,350010023,1,42.4,ppb,40,DEL NORTE HIGH SCHOOL,24,100,42602,Nitrogen dioxide (NO2),10740,"Albuquerque, NM",35,New Mexico,1,Bernalillo,35.1343,-106.5852
2/9/2018,AQS,350010023,1,36.1,ppb,34,DEL NORTE HIGH SCHOOL,24,100,42602,Nitrogen dioxide (NO2),10740,"Albuquerque, NM",35,New Mexico,1,Bernalillo,35.1343,-106.5852
2/10/2018,AQS,350010023,1,16.3,ppb,15,DEL NORTE HIGH SCHOOL,24,100,42602,Nitrogen dioxide (NO2),10740,"Albuquerque, NM",35,New Mexico,1,Bernalillo,35.1343,-106.5852
2/11/2018,AQS,350010023,1,31.8,ppb,29,DEL NORTE HIGH SCHOOL,19,79,42602,Nitrogen dioxide (NO2),10740,"Albuquerque, NM",35,New Mexico,1,Bernalillo,35.1343,-106.5852
2/12/2018,AQS,350010023,1,24.8,ppb,23,DEL NORTE HIGH SCHOOL,24,100,42602,Nitrogen dioxide (NO2),10740,"Albuquerque, NM",35,New Mexico,1,Bernalillo,35.1343,-106.5852
2/13/2018,AQS,350010023,1,30.9,ppb,28,DEL NORTE HIGH SCHOOL,24,100,42602,Nitrogen dioxide (NO2),10740,"Albuquerque, NM",35,New Mexico,1,Bernalillo,35.1343,-106.5852
2/14/2018,AQS,350010023,1,30.3,ppb,28,DEL NORTE HIGH SCHOOL,24,100,42602,Nitrogen dioxide (NO2),10740,"Albuquerque, NM",35,New Mexico,1,Bernalillo,35.1343,-106.5852
2/15/2018,AQS,350010023,1,24.9,ppb,23,DEL NORTE HIGH SCHOOL,24,100,42602,Nitrogen dioxide (NO2),10740,"Albuquerque, NM",35,New Mexico,1,Bernalillo,35.1343,-106.5852
2/16/2018,AQS,350010023,1,25.2,ppb,24,DEL NORTE HIGH SCHOOL,24,100,42602,Nitrogen dioxide (NO2),10740,"Albuquerque, NM",35,New Mexico,1,Bernalillo,35.1343,-106.5852
2/17/2018,AQS,350010023,1,22.2,ppb,21,DEL NORTE HIGH SCHOOL,24,100,42602,Nitrogen dioxide (NO2),10740,"Albuquerque, NM",35,New Mexico,1,Bernalillo,35.1343,-106.5852
2/18/2018,AQS,350010023,1,9.5,ppb,8,DEL NORTE HIGH SCHOOL,24,100,42602,Nitrogen dioxide (NO2),10740,"Albuquerque, NM",35,New Mexico,1,Bernalillo,35.1343,-106.5852
2/19/2018,AQS,350010023,1,7.3,ppb,7,DEL NORTE HIGH SCHOOL,19,79,42602,Nitrogen dioxide (NO2),10740,"Albuquerque, NM",35,New Mexico,1,Bernalillo,35.1343,-106.5852
2/20/2018,AQS,350010023,1,10.9,ppb,9,DEL NORTE HIGH SCHOOL,24,100,42602,Nitrogen dioxide (NO2),10740,"Albuquerque, NM",35,New Mexico,1,Bernalillo,35.1343,-106.5852
2/21/2018,AQS,350010023,1,28.8,ppb,26,DEL NORTE HIGH SCHOOL,24,100,42602,Nitrogen dioxide (NO2),10740,"Albuquerque, NM",35,New Mexico,1,Bernalillo,35.1343,-106.5852
2/22/2018,AQS,350010023,1,41,ppb,39,DEL NORTE HIGH SCHOOL,24,100,42602,Nitrogen dioxide (NO2),10740,"Albuquerque, NM",35,New Mexico,1,Bernalillo,35.1343,-106.5852
2/23/2018,AQS,350010023,1,36.7,ppb,34,DEL NORTE HIGH SCHOOL,24,100,42602,Nitrogen dioxide (NO2),10740,"Albuquerque, NM",35,New Mexico,1,Bernalillo,35.1343,-106.5852
2/24/2018,AQS,350010023,1,25.6,ppb,24,DEL NORTE HIGH SCHOOL,24,100,42602,Nitrogen dioxide (NO2),10740,"Albuquerque, NM",35,New Mexico,1,Bernalillo,35.1343,-106.5852
2/25/2018,AQS,350010023,1,26.3,ppb,25,DEL NORTE HIGH SCHOOL,19,79,42602,Nitrogen dioxide (NO2),10740,"Albuquerque, NM",35,New Mexico,1,Bernalillo,35.1343,-106.5852
2/26/2018,AQS,350010023,1,36.7,ppb,34,DEL NORTE HIGH SCHOOL,24,100,42602,Nitrogen dioxide (NO2),10740,"Albuquerque, NM",35,New Mexico,1,Bernalillo,35.1343,-106.5852
2/27/2018,AQS,350010023,1,38.4,ppb,36,DEL NORTE HIGH SCHOOL,24,100,42602,Nitrogen dioxide (NO2),10740,"Albuquerque, NM",35,New Mexico,1,Bernalillo,35.1343,-106.5852
2/28/2018,AQS,350010023,1,42.7,ppb,40,DEL NORTE HIGH SCHOOL,24,100,42602,Nitrogen dioxide (NO2),10740,"Albuquerque, NM",35,New Mexico,1,Bernalillo,35.1343,-106.5852
3/1/2018,AQS,350010023,1,38.2,ppb,36,DEL NORTE HIGH SCHOOL,21,88,42602,Nitrogen dioxide (NO2),10740,"Albuquerque, NM",35,New Mexico,1,Bernalillo,35.1343,-106.5852
3/2/2018,AQS,350010023,1,46.9,ppb,43,DEL NORTE HIGH SCHOOL,24,100,42602,Nitrogen dioxide (NO2),10740,"Albuquerque, NM",35,New Mexico,1,Bernalillo,35.1343,-106.5852
3/3/2018,AQS,350010023,1,28.1,ppb,26,DEL NORTE HIGH SCHOOL,24,100,42602,Nitrogen dioxide (NO2),10740,"Albuquerque, NM",35,New Mexico,1,Bernalillo,35.1343,-106.5852
3/4/2018,AQS,350010023,1,35.3,ppb,33,DEL NORTE HIGH SCHOOL,24,100,42602,Nitrogen dioxide (NO2),10740,"Albuquerque, NM",35,New Mexico,1,Bernalillo,35.1343,-106.5852
3/5/2018,AQS,350010023,1,11.1,ppb,10,DEL NORTE HIGH SCHOOL,19,79,42602,Nitrogen dioxide (NO2),10740,"Albuquerque, NM",35,New Mexico,1,Bernalillo,35.1343,-106.5852
3/7/2018,AQS,350010023,1,38.9,ppb,36,DEL NORTE HIGH SCHOOL,20,83,42602,Nitrogen dioxide (NO2),10740,"Albuquerque, NM",35,New Mexico,1,Bernalillo,35.1343,-106.5852
3/8/2018,AQS,350010023,1,34.7,ppb,32,DEL NORTE HIGH SCHOOL,19,79,42602,Nitrogen dioxide (NO2),10740,"Albuquerque, NM",35,New Mexico,1,Bernalillo,35.1343,-106.5852
3/9/2018,AQS,350010023,1,39.6,ppb,37,DEL NORTE HIGH SCHOOL,24,100,42602,Nitrogen dioxide (NO2),10740,"Albuquerque, NM",35,New Mexico,1,Bernalillo,35.1343,-106.5852
3/10/2018,AQS,350010023,1,36,ppb,34,DEL NORTE HIGH SCHOOL,24,100,42602,Nitrogen dioxide (NO2),10740,"Albuquerque, NM",35,New Mexico,1,Bernalillo,35.1343,-106.5852
3/11/2018,AQS,350010023,1,11.8,ppb,10,DEL NORTE HIGH SCHOOL,19,79,42602,Nitrogen dioxide (NO2),10740,"Albuquerque, NM",35,New Mexico,1,Bernalillo,35.1343,-106.5852
3/12/2018,AQS,350010023,1,21.9,ppb,20,DEL NORTE HIGH SCHOOL,24,100,42602,Nitrogen dioxide (NO2),10740,"Albuquerque, NM",35,New Mexico,1,Bernalillo,35.1343,-106.5852
3/13/2018,AQS,350010023,1,20.7,ppb,19,DEL NORTE HIGH SCHOOL,24,100,42602,Nitrogen dioxide (NO2),10740,"Albuquerque, NM",35,New Mexico,1,Bernalillo,35.1343,-106.5852
3/14/2018,AQS,350010023,1,33.6,ppb,31,DEL NORTE HIGH SCHOOL,24,100,42602,Nitrogen dioxide (NO2),10740,"Albuquerque, NM",35,New Mexico,1,Bernalillo,35.1343,-106.5852
3/15/2018,AQS,350010023,1,25.7,ppb,24,DEL NORTE HIGH SCHOOL,24,100,42602,Nitrogen dioxide (NO2),10740,"Albuquerque, NM",35,New Mexico,1,Bernalillo,35.1343,-106.5852
3/16/2018,AQS,350010023,1,32.9,ppb,30,DEL NORTE HIGH SCHOOL,24,100,42602,Nitrogen dioxide (NO2),10740,"Albuquerque, NM",35,New Mexico,1,Bernalillo,35.1343,-106.5852
3/17/2018,AQS,350010023,1,25.7,ppb,24,DEL NORTE HIGH SCHOOL,24,100,42602,Nitrogen dioxide (NO2),10740,"Albuquerque, NM",35,New Mexico,1,Bernalillo,35.1343,-106.5852
3/18/2018,AQS,350010023,1,25.2,ppb,24,DEL NORTE HIGH SCHOOL,19,79,42602,Nitrogen dioxide (NO2),10740,"Albuquerque, NM",35,New Mexico,1,Bernalillo,35.1343,-106.5852
3/19/2018,AQS,350010023,1,13.2,ppb,12,DEL NORTE HIGH SCHOOL,24,100,42602,Nitrogen dioxide (NO2),10740,"Albuquerque, NM",35,New Mexico,1,Bernalillo,35.1343,-106.5852
3/20/2018,AQS,350010023,1,43.1,ppb,41,DEL NORTE HIGH SCHOOL,22,92,42602,Nitrogen dioxide (NO2),10740,"Albuquerque, NM",35,New Mexico,1,Bernalillo,35.1343,-106.5852
3/21/2018,AQS,350010023,1,31.7,ppb,29,DEL NORTE HIGH SCHOOL,24,100,42602,Nitrogen dioxide (NO2),10740,"Albuquerque, NM",35,New Mexico,1,Bernalillo,35.1343,-106.5852
3/22/2018,AQS,350010023,1,34.7,ppb,32,DEL NORTE HIGH SCHOOL,20,83,42602,Nitrogen dioxide (NO2),10740,"Albuquerque, NM",35,New Mexico,1,Bernalillo,35.1343,-106.5852
3/23/2018,AQS,350010023,1,23.9,ppb,22,DEL NORTE HIGH SCHOOL,24,100,42602,Nitrogen dioxide (NO2),10740,"Albuquerque, NM",35,New Mexico,1,Bernalillo,35.1343,-106.5852
3/24/2018,AQS,350010023,1,31.3,ppb,29,DEL NORTE HIGH SCHOOL,24,100,42602,Nitrogen dioxide (NO2),10740,"Albuquerque, NM",35,New Mexico,1,Bernalillo,35.1343,-106.5852
3/25/2018,AQS,350010023,1,13.4,ppb,12,DEL NORTE HIGH SCHOOL,19,79,42602,Nitrogen dioxide (NO2),10740,"Albuquerque, NM",35,New Mexico,1,Bernalillo,35.1343,-106.5852
3/26/2018,AQS,350010023,1,37.7,ppb,35,DEL NORTE HIGH SCHOOL,24,100,42602,Nitrogen dioxide (NO2),10740,"Albuquerque, NM",35,New Mexico,1,Bernalillo,35.1343,-106.5852
3/27/2018,AQS,350010023,1,17.6,ppb,16,DEL NORTE HIGH SCHOOL,24,100,42602,Nitrogen dioxide (NO2),10740,"Albuquerque, NM",35,New Mexico,1,Bernalillo,35.1343,-106.5852
3/28/2018,AQS,350010023,1,23.6,ppb,22,DEL NORTE HIGH SCHOOL,24,100,42602,Nitrogen dioxide (NO2),10740,"Albuquerque, NM",35,New Mexico,1,Bernalillo,35.1343,-106.5852
3/29/2018,AQS,350010023,1,30.3,ppb,28,DEL NORTE HIGH SCHOOL,21,88,42602,Nitrogen dioxide (NO2),10740,"Albuquerque, NM",35,New Mexico,1,Bernalillo,35.1343,-106.5852
3/30/2018,AQS,350010023,1,31.5,ppb,29,DEL NORTE HIGH SCHOOL,24,100,42602,Nitrogen dioxide (NO2),10740,"Albuquerque, NM",35,New Mexico,1,Bernalillo,35.1343,-106.5852
3/31/2018,AQS,350010023,1,25.9,ppb,24,DEL NORTE HIGH SCHOOL,24,100,42602,Nitrogen dioxide (NO2),10740,"Albuquerque, NM",35,New Mexico,1,Bernalillo,35.1343,-106.5852
4/1/2018,AQS,350010023,1,29.6,ppb,27,DEL NORTE HIGH SCHOOL,19,79,42602,Nitrogen dioxide (NO2),10740,"Albuquerque, NM",35,New Mexico,1,Bernalillo,35.1343,-106.5852
4/2/2018,AQS,350010023,1,22.5,ppb,21,DEL NORTE HIGH SCHOOL,24,100,42602,Nitrogen dioxide (NO2),10740,"Albuquerque, NM",35,New Mexico,1,Bernalillo,35.1343,-106.5852
4/3/2018,AQS,350010023,1,16,ppb,15,DEL NORTE HIGH SCHOOL,24,100,42602,Nitrogen dioxide (NO2),10740,"Albuquerque, NM",35,New Mexico,1,Bernalillo,35.1343,-106.5852
4/4/2018,AQS,350010023,1,24.3,ppb,23,DEL NORTE HIGH SCHOOL,24,100,42602,Nitrogen dioxide (NO2),10740,"Albuquerque, NM",35,New Mexico,1,Bernalillo,35.1343,-106.5852
4/5/2018,AQS,350010023,1,24.8,ppb,23,DEL NORTE HIGH SCHOOL,24,100,42602,Nitrogen dioxide (NO2),10740,"Albuquerque, NM",35,New Mexico,1,Bernalillo,35.1343,-106.5852
4/6/2018,AQS,350010023,1,35.5,ppb,33,DEL NORTE HIGH SCHOOL,24,100,42602,Nitrogen dioxide (NO2),10740,"Albuquerque, NM",35,New Mexico,1,Bernalillo,35.1343,-106.5852
4/7/2018,AQS,350010023,1,13.6,ppb,12,DEL NORTE HIGH SCHOOL,24,100,42602,Nitrogen dioxide (NO2),10740,"Albuquerque, NM",35,New Mexico,1,Bernalillo,35.1343,-106.5852
4/8/2018,AQS,350010023,1,8.9,ppb,8,DEL NORTE HIGH SCHOOL,20,83,42602,Nitrogen dioxide (NO2),10740,"Albuquerque, NM",35,New Mexico,1,Bernalillo,35.1343,-106.5852
4/9/2018,AQS,350010023,1,28.6,ppb,26,DEL NORTE HIGH SCHOOL,24,100,42602,Nitrogen dioxide (NO2),10740,"Albuquerque, NM",35,New Mexico,1,Bernalillo,35.1343,-106.5852
4/10/2018,AQS,350010023,1,21.1,ppb,20,DEL NORTE HIGH SCHOOL,24,100,42602,Nitrogen dioxide (NO2),10740,"Albuquerque, NM",35,New Mexico,1,Bernalillo,35.1343,-106.5852
4/11/2018,AQS,350010023,1,36.6,ppb,34,DEL NORTE HIGH SCHOOL,24,100,42602,Nitrogen dioxide (NO2),10740,"Albuquerque, NM",35,New Mexico,1,Bernalillo,35.1343,-106.5852
4/12/2018,AQS,350010023,1,28,ppb,26,DEL NORTE HIGH SCHOOL,24,100,42602,Nitrogen dioxide (NO2),10740,"Albuquerque, NM",35,New Mexico,1,Bernalillo,35.1343,-106.5852
4/13/2018,AQS,350010023,1,6.7,ppb,6,DEL NORTE HIGH SCHOOL,24,100,42602,Nitrogen dioxide (NO2),10740,"Albuquerque, NM",35,New Mexico,1,Bernalillo,35.1343,-106.5852
4/14/2018,AQS,350010023,1,6.4,ppb,6,DEL NORTE HIGH SCHOOL,24,100,42602,Nitrogen dioxide (NO2),10740,"Albuquerque, NM",35,New Mexico,1,Bernalillo,35.1343,-106.5852
4/15/2018,AQS,350010023,1,24.2,ppb,23,DEL NORTE HIGH SCHOOL,20,83,42602,Nitrogen dioxide (NO2),10740,"Albuquerque, NM",35,New Mexico,1,Bernalillo,35.1343,-106.5852
4/16/2018,AQS,350010023,1,37.9,ppb,35,DEL NORTE HIGH SCHOOL,24,100,42602,Nitrogen dioxide (NO2),10740,"Albuquerque, NM",35,New Mexico,1,Bernalillo,35.1343,-106.5852
4/17/2018,AQS,350010023,1,6,ppb,6,DEL NORTE HIGH SCHOOL,24,100,42602,Nitrogen dioxide (NO2),10740,"Albuquerque, NM",35,New Mexico,1,Bernalillo,35.1343,-106.5852
4/18/2018,AQS,350010023,1,17.1,ppb,16,DEL NORTE HIGH SCHOOL,24,100,42602,Nitrogen dioxide (NO2),10740,"Albuquerque, NM",35,New Mexico,1,Bernalillo,35.1343,-106.5852
4/19/2018,AQS,350010023,1,28.7,ppb,26,DEL NORTE HIGH SCHOOL,24,100,42602,Nitrogen dioxide (NO2),10740,"Albuquerque, NM",35,New Mexico,1,Bernalillo,35.1343,-106.5852
4/20/2018,AQS,350010023,1,8.3,ppb,8,DEL NORTE HIGH SCHOOL,24,100,42602,Nitrogen dioxide (NO2),10740,"Albuquerque, NM",35,New Mexico,1,Bernalillo,35.1343,-106.5852
4/21/2018,AQS,350010023,1,17.8,ppb,16,DEL NORTE HIGH SCHOOL,24,100,42602,Nitrogen dioxide (NO2),10740,"Albuquerque, NM",35,New Mexico,1,Bernalillo,35.1343,-106.5852
4/22/2018,AQS,350010023,1,8.6,ppb,8,DEL NORTE HIGH SCHOOL,20,83,42602,Nitrogen dioxide (NO2),10740,"Albuquerque, NM",35,New Mexico,1,Bernalillo,35.1343,-106.5852
4/23/2018,AQS,350010023,1,20.2,ppb,19,DEL NORTE HIGH SCHOOL,24,100,42602,Nitrogen dioxide (NO2),10740,"Albuquerque, NM",35,New Mexico,1,Bernalillo,35.1343,-106.5852
4/24/2018,AQS,350010023,1,34.3,ppb,32,DEL NORTE HIGH SCHOOL,24,100,42602,Nitrogen dioxide (NO2),10740,"Albuquerque, NM",35,New Mexico,1,Bernalillo,35.1343,-106.5852
4/25/2018,AQS,350010023,1,20.5,ppb,19,DEL NORTE HIGH SCHOOL,24,100,42602,Nitrogen dioxide (NO2),10740,"Albuquerque, NM",35,New Mexico,1,Bernalillo,35.1343,-106.5852
4/26/2018,AQS,350010023,1,27.7,ppb,25,DEL NORTE HIGH SCHOOL,21,88,42602,Nitrogen dioxide (NO2),10740,"Albuquerque, NM",35,New Mexico,1,Bernalillo,35.1343,-106.5852
4/27/2018,AQS,350010023,1,23.2,ppb,22,DEL NORTE HIGH SCHOOL,24,100,42602,Nitrogen dioxide (NO2),10740,"Albuquerque, NM",35,New Mexico,1,Bernalillo,35.1343,-106.5852
4/28/2018,AQS,350010023,1,18.2,ppb,17,DEL NORTE HIGH SCHOOL,24,100,42602,Nitrogen dioxide (NO2),10740,"Albuquerque, NM",35,New Mexico,1,Bernalillo,35.1343,-106.5852
4/29/2018,AQS,350010023,1,16.5,ppb,15,DEL NORTE HIGH SCHOOL,20,83,42602,Nitrogen dioxide (NO2),10740,"Albuquerque, NM",35,New Mexico,1,Bernalillo,35.1343,-106.5852
4/30/2018,AQS,350010023,1,24.3,ppb,23,DEL NORTE HIGH SCHOOL,24,100,42602,Nitrogen dioxide (NO2),10740,"Albuquerque, NM",35,New Mexico,1,Bernalillo,35.1343,-106.5852
5/1/2018,AQS,350010023,1,15.8,ppb,14,DEL NORTE HIGH SCHOOL,24,100,42602,Nitrogen dioxide (NO2),10740,"Albuquerque, NM",35,New Mexico,1,Bernalillo,35.1343,-106.5852
5/2/2018,AQS,350010023,1,11.9,ppb,10,DEL NORTE HIGH SCHOOL,24,100,42602,Nitrogen dioxide (NO2),10740,"Albuquerque, NM",35,New Mexico,1,Bernalillo,35.1343,-106.5852
5/3/2018,AQS,350010023,1,21.8,ppb,20,DEL NORTE HIGH SCHOOL,24,100,42602,Nitrogen dioxide (NO2),10740,"Albuquerque, NM",35,New Mexico,1,Bernalillo,35.1343,-106.5852
5/4/2018,AQS,350010023,1,13.9,ppb,12,DEL NORTE HIGH SCHOOL,24,100,42602,Nitrogen dioxide (NO2),10740,"Albuquerque, NM",35,New Mexico,1,Bernalillo,35.1343,-106.5852
5/5/2018,AQS,350010023,1,26.2,ppb,25,DEL NORTE HIGH SCHOOL,24,100,42602,Nitrogen dioxide (NO2),10740,"Albuquerque, NM",35,New Mexico,1,Bernalillo,35.1343,-106.5852
5/6/2018,AQS,350010023,1,19.3,ppb,18,DEL NORTE HIGH SCHOOL,20,83,42602,Nitrogen dioxide (NO2),10740,"Albuquerque, NM",35,New Mexico,1,Bernalillo,35.1343,-106.5852
5/7/2018,AQS,350010023,1,34.2,ppb,32,DEL NORTE HIGH SCHOOL,24,100,42602,Nitrogen dioxide (NO2),10740,"Albuquerque, NM",35,New Mexico,1,Bernalillo,35.1343,-106.5852
5/8/2018,AQS,350010023,1,23.5,ppb,22,DEL NORTE HIGH SCHOOL,24,100,42602,Nitrogen dioxide (NO2),10740,"Albuquerque, NM",35,New Mexico,1,Bernalillo,35.1343,-106.5852
5/9/2018,AQS,350010023,1,27.7,ppb,25,DEL NORTE HIGH SCHOOL,24,100,42602,Nitrogen dioxide (NO2),10740,"Albuquerque, NM",35,New Mexico,1,Bernalillo,35.1343,-106.5852
5/10/2018,AQS,350010023,1,21,ppb,20,DEL NORTE HIGH SCHOOL,24,100,42602,Nitrogen dioxide (NO2),10740,"Albuquerque, NM",35,New Mexico,1,Bernalillo,35.1343,-106.5852
5/11/2018,AQS,350010023,1,19.7,ppb,18,DEL NORTE HIGH SCHOOL,24,100,42602,Nitrogen dioxide (NO2),10740,"Albuquerque, NM",35,New Mexico,1,Bernalillo,35.1343,-106.5852
5/12/2018,AQS,350010023,1,8.1,ppb,8,DEL NORTE HIGH SCHOOL,24,100,42602,Nitrogen dioxide (NO2),10740,"Albuquerque, NM",35,New Mexico,1,Bernalillo,35.1343,-106.5852
5/13/2018,AQS,350010023,1,8.3,ppb,8,DEL NORTE HIGH SCHOOL,20,83,42602,Nitrogen dioxide (NO2),10740,"Albuquerque, NM",35,New Mexico,1,Bernalillo,35.1343,-106.5852
5/14/2018,AQS,350010023,1,17.5,ppb,16,DEL NORTE HIGH SCHOOL,21,88,42602,Nitrogen dioxide (NO2),10740,"Albuquerque, NM",35,New Mexico,1,Bernalillo,35.1343,-106.5852
5/15/2018,AQS,350010023,1,20.3,ppb,19,DEL NORTE HIGH SCHOOL,24,100,42602,Nitrogen dioxide (NO2),10740,"Albuquerque, NM",35,New Mexico,1,Bernalillo,35.1343,-106.5852
5/16/2018,AQS,350010023,1,20.8,ppb,19,DEL NORTE HIGH SCHOOL,24,100,42602,Nitrogen dioxide (NO2),10740,"Albuquerque, NM",35,New Mexico,1,Bernalillo,35.1343,-106.5852
5/17/2018,AQS,350010023,1,30.3,ppb,28,DEL NORTE HIGH SCHOOL,20,83,42602,Nitrogen dioxide (NO2),10740,"Albuquerque, NM",35,New Mexico,1,Bernalillo,35.1343,-106.5852
5/18/2018,AQS,350010023,1,18.7,ppb,17,DEL NORTE HIGH SCHOOL,24,100,42602,Nitrogen dioxide (NO2),10740,"Albuquerque, NM",35,New Mexico,1,Bernalillo,35.1343,-106.5852
5/19/2018,AQS,350010023,1,14.6,ppb,13,DEL NORTE HIGH SCHOOL,24,100,42602,Nitrogen dioxide (NO2),10740,"Albuquerque, NM",35,New Mexico,1,Bernalillo,35.1343,-106.5852
5/20/2018,AQS,350010023,1,3.6,ppb,3,DEL NORTE HIGH SCHOOL,20,83,42602,Nitrogen dioxide (NO2),10740,"Albuquerque, NM",35,New Mexico,1,Bernalillo,35.1343,-106.5852
5/21/2018,AQS,350010023,1,21.9,ppb,20,DEL NORTE HIGH SCHOOL,23,96,42602,Nitrogen dioxide (NO2),10740,"Albuquerque, NM",35,New Mexico,1,Bernalillo,35.1343,-106.5852
5/22/2018,AQS,350010023,1,17.9,ppb,16,DEL NORTE HIGH SCHOOL,24,100,42602,Nitrogen dioxide (NO2),10740,"Albuquerque, NM",35,New Mexico,1,Bernalillo,35.1343,-106.5852
5/23/2018,AQS,350010023,1,14.1,ppb,13,DEL NORTE HIGH SCHOOL,24,100,42602,Nitrogen dioxide (NO2),10740,"Albuquerque, NM",35,New Mexico,1,Bernalillo,35.1343,-106.5852
5/24/2018,AQS,350010023,1,21.6,ppb,20,DEL NORTE HIGH SCHOOL,24,100,42602,Nitrogen dioxide (NO2),10740,"Albuquerque, NM",35,New Mexico,1,Bernalillo,35.1343,-106.5852
5/25/2018,AQS,350010023,1,31.7,ppb,29,DEL NORTE HIGH SCHOOL,24,100,42602,Nitrogen dioxide (NO2),10740,"Albuquerque, NM",35,New Mexico,1,Bernalillo,35.1343,-106.5852
5/26/2018,AQS,350010023,1,25.5,ppb,24,DEL NORTE HIGH SCHOOL,24,100,42602,Nitrogen dioxide (NO2),10740,"Albuquerque, NM",35,New Mexico,1,Bernalillo,35.1343,-106.5852
5/27/2018,AQS,350010023,1,15.5,ppb,14,DEL NORTE HIGH SCHOOL,20,83,42602,Nitrogen dioxide (NO2),10740,"Albuquerque, NM",35,New Mexico,1,Bernalillo,35.1343,-106.5852
5/28/2018,AQS,350010023,1,14.1,ppb,13,DEL NORTE HIGH SCHOOL,24,100,42602,Nitrogen dioxide (NO2),10740,"Albuquerque, NM",35,New Mexico,1,Bernalillo,35.1343,-106.5852
5/29/2018,AQS,350010023,1,20.9,ppb,19,DEL NORTE HIGH SCHOOL,24,100,42602,Nitrogen dioxide (NO2),10740,"Albuquerque, NM",35,New Mexico,1,Bernalillo,35.1343,-106.5852
5/30/2018,AQS,350010023,1,21.4,ppb,20,DEL NORTE HIGH SCHOOL,24,100,42602,Nitrogen dioxide (NO2),10740,"Albuquerque, NM",35,New Mexico,1,Bernalillo,35.1343,-106.5852
6/1/2018,AQS,350010023,1,16.7,ppb,15,DEL NORTE HIGH SCHOOL,24,100,42602,Nitrogen dioxide (NO2),10740,"Albuquerque, NM",35,New Mexico,1,Bernalillo,35.1343,-106.5852
6/2/2018,AQS,350010023,1,11.3,ppb,10,DEL NORTE HIGH SCHOOL,24,100,42602,Nitrogen dioxide (NO2),10740,"Albuquerque, NM",35,New Mexico,1,Bernalillo,35.1343,-106.5852
6/3/2018,AQS,350010023,1,12.4,ppb,11,DEL NORTE HIGH SCHOOL,20,83,42602,Nitrogen dioxide (NO2),10740,"Albuquerque, NM",35,New Mexico,1,Bernalillo,35.1343,-106.5852
6/4/2018,AQS,350010023,1,15.6,ppb,14,DEL NORTE HIGH SCHOOL,24,100,42602,Nitrogen dioxide (NO2),10740,"Albuquerque, NM",35,New Mexico,1,Bernalillo,35.1343,-106.5852
6/5/2018,AQS,350010023,1,29.2,ppb,27,DEL NORTE HIGH SCHOOL,24,100,42602,Nitrogen dioxide (NO2),10740,"Albuquerque, NM",35,New Mexico,1,Bernalillo,35.1343,-106.5852
6/6/2018,AQS,350010023,1,20.1,ppb,19,DEL NORTE HIGH SCHOOL,24,100,42602,Nitrogen dioxide (NO2),10740,"Albuquerque, NM",35,New Mexico,1,Bernalillo,35.1343,-106.5852
6/7/2018,AQS,350010023,1,22.4,ppb,21,DEL NORTE HIGH SCHOOL,24,100,42602,Nitrogen dioxide (NO2),10740,"Albuquerque, NM",35,New Mexico,1,Bernalillo,35.1343,-106.5852
6/8/2018,AQS,350010023,1,22,ppb,21,DEL NORTE HIGH SCHOOL,24,100,42602,Nitrogen dioxide (NO2),10740,"Albuquerque, NM",35,New Mexico,1,Bernalillo,35.1343,-106.5852
6/9/2018,AQS,350010023,1,14.8,ppb,13,DEL NORTE HIGH SCHOOL,24,100,42602,Nitrogen dioxide (NO2),10740,"Albuquerque, NM",35,New Mexico,1,Bernalillo,35.1343,-106.5852
6/10/2018,AQS,350010023,1,8.9,ppb,8,DEL NORTE HIGH SCHOOL,20,83,42602,Nitrogen dioxide (NO2),10740,"Albuquerque, NM",35,New Mexico,1,Bernalillo,35.1343,-106.5852
6/11/2018,AQS,350010023,1,16.8,ppb,15,DEL NORTE HIGH SCHOOL,24,100,42602,Nitrogen dioxide (NO2),10740,"Albuquerque, NM",35,New Mexico,1,Bernalillo,35.1343,-106.5852
6/12/2018,AQS,350010023,1,20.5,ppb,19,DEL NORTE HIGH SCHOOL,20,83,42602,Nitrogen dioxide (NO2),10740,"Albuquerque, NM",35,New Mexico,1,Bernalillo,35.1343,-106.5852
6/14/2018,AQS,350010023,1,21.1,ppb,20,DEL NORTE HIGH SCHOOL,24,100,42602,Nitrogen dioxide (NO2),10740,"Albuquerque, NM",35,New Mexico,1,Bernalillo,35.1343,-106.5852
6/15/2018,AQS,350010023,1,23.4,ppb,22,DEL NORTE HIGH SCHOOL,24,100,42602,Nitrogen dioxide (NO2),10740,"Albuquerque, NM",35,New Mexico,1,Bernalillo,35.1343,-106.5852
6/16/2018,AQS,350010023,1,21,ppb,20,DEL NORTE HIGH SCHOOL,24,100,42602,Nitrogen dioxide (NO2),10740,"Albuquerque, NM",35,New Mexico,1,Bernalillo,35.1343,-106.5852
6/17/2018,AQS,350010023,1,5.3,ppb,5,DEL NORTE HIGH SCHOOL,20,83,42602,Nitrogen dioxide (NO2),10740,"Albuquerque, NM",35,New Mexico,1,Bernalillo,35.1343,-106.5852
6/18/2018,AQS,350010023,1,14.3,ppb,13,DEL NORTE HIGH SCHOOL,24,100,42602,Nitrogen dioxide (NO2),10740,"Albuquerque, NM",35,New Mexico,1,Bernalillo,35.1343,-106.5852
6/19/2018,AQS,350010023,1,11.5,ppb,10,DEL NORTE HIGH SCHOOL,24,100,42602,Nitrogen dioxide (NO2),10740,"Albuquerque, NM",35,New Mexico,1,Bernalillo,35.1343,-106.5852
6/20/2018,AQS,350010023,1,16.3,ppb,15,DEL NORTE HIGH SCHOOL,24,100,42602,Nitrogen dioxide (NO2),10740,"Albuquerque, NM",35,New Mexico,1,Bernalillo,35.1343,-106.5852
6/21/2018,AQS,350010023,1,23.2,ppb,22,DEL NORTE HIGH SCHOOL,24,100,42602,Nitrogen dioxide (NO2),10740,"Albuquerque, NM",35,New Mexico,1,Bernalillo,35.1343,-106.5852
6/22/2018,AQS,350010023,1,19.3,ppb,18,DEL NORTE HIGH SCHOOL,24,100,42602,Nitrogen dioxide (NO2),10740,"Albuquerque, NM",35,New Mexico,1,Bernalillo,35.1343,-106.5852
6/23/2018,AQS,350010023,1,14.2,ppb,13,DEL NORTE HIGH SCHOOL,24,100,42602,Nitrogen dioxide (NO2),10740,"Albuquerque, NM",35,New Mexico,1,Bernalillo,35.1343,-106.5852
6/24/2018,AQS,350010023,1,20.7,ppb,19,DEL NORTE HIGH SCHOOL,20,83,42602,Nitrogen dioxide (NO2),10740,"Albuquerque, NM",35,New Mexico,1,Bernalillo,35.1343,-106.5852
6/25/2018,AQS,350010023,1,15,ppb,14,DEL NORTE HIGH SCHOOL,24,100,42602,Nitrogen dioxide (NO2),10740,"Albuquerque, NM",35,New Mexico,1,Bernalillo,35.1343,-106.5852
6/26/2018,AQS,350010023,1,20.1,ppb,19,DEL NORTE HIGH SCHOOL,24,100,42602,Nitrogen dioxide (NO2),10740,"Albuquerque, NM",35,New Mexico,1,Bernalillo,35.1343,-106.5852
6/27/2018,AQS,350010023,1,26.1,ppb,25,DEL NORTE HIGH SCHOOL,24,100,42602,Nitrogen dioxide (NO2),10740,"Albuquerque, NM",35,New Mexico,1,Bernalillo,35.1343,-106.5852
6/28/2018,AQS,350010023,1,16.2,ppb,15,DEL NORTE HIGH SCHOOL,24,100,42602,Nitrogen dioxide (NO2),10740,"Albuquerque, NM",35,New Mexico,1,Bernalillo,35.1343,-106.5852
6/29/2018,AQS,350010023,1,12,ppb,11,DEL NORTE HIGH SCHOOL,24,100,42602,Nitrogen dioxide (NO2),10740,"Albuquerque, NM",35,New Mexico,1,Bernalillo,35.1343,-106.5852
6/30/2018,AQS,350010023,1,5.6,ppb,5,DEL NORTE HIGH SCHOOL,24,100,42602,Nitrogen dioxide (NO2),10740,"Albuquerque, NM",35,New Mexico,1,Bernalillo,35.1343,-106.5852
7/1/2018,AQS,350010023,1,10.9,ppb,9,DEL NORTE HIGH SCHOOL,20,83,42602,Nitrogen dioxide (NO2),10740,"Albuquerque, NM",35,New Mexico,1,Bernalillo,35.1343,-106.5852
7/2/2018,AQS,350010023,1,15.4,ppb,14,DEL NORTE HIGH SCHOOL,24,100,42602,Nitrogen dioxide (NO2),10740,"Albuquerque, NM",35,New Mexico,1,Bernalillo,35.1343,-106.5852
7/3/2018,AQS,350010023,1,14.3,ppb,13,DEL NORTE HIGH SCHOOL,24,100,42602,Nitrogen dioxide (NO2),10740,"Albuquerque, NM",35,New Mexico,1,Bernalillo,35.1343,-106.5852
7/4/2018,AQS,350010023,1,10.1,ppb,9,DEL NORTE HIGH SCHOOL,24,100,42602,Nitrogen dioxide (NO2),10740,"Albuquerque, NM",35,New Mexico,1,Bernalillo,35.1343,-106.5852
7/5/2018,AQS,350010023,1,16.4,ppb,15,DEL NORTE HIGH SCHOOL,24,100,42602,Nitrogen dioxide (NO2),10740,"Albuquerque, NM",35,New Mexico,1,Bernalillo,35.1343,-106.5852
7/6/2018,AQS,350010023,1,7.8,ppb,7,DEL NORTE HIGH SCHOOL,24,100,42602,Nitrogen dioxide (NO2),10740,"Albuquerque, NM",35,New Mexico,1,Bernalillo,35.1343,-106.5852
7/7/2018,AQS,350010023,1,9.9,ppb,8,DEL NORTE HIGH SCHOOL,24,100,42602,Nitrogen dioxide (NO2),10740,"Albuquerque, NM",35,New Mexico,1,Bernalillo,35.1343,-106.5852
7/8/2018,AQS,350010023,1,8.1,ppb,8,DEL NORTE HIGH SCHOOL,20,83,42602,Nitrogen dioxide (NO2),10740,"Albuquerque, NM",35,New Mexico,1,Bernalillo,35.1343,-106.5852
7/9/2018,AQS,350010023,1,17.1,ppb,16,DEL NORTE HIGH SCHOOL,24,100,42602,Nitrogen dioxide (NO2),10740,"Albuquerque, NM",35,New Mexico,1,Bernalillo,35.1343,-106.5852
7/10/2018,AQS,350010023,1,19.3,ppb,18,DEL NORTE HIGH SCHOOL,24,100,42602,Nitrogen dioxide (NO2),10740,"Albuquerque, NM",35,New Mexico,1,Bernalillo,35.1343,-106.5852
7/11/2018,AQS,350010023,1,8.4,ppb,8,DEL NORTE HIGH SCHOOL,24,100,42602,Nitrogen dioxide (NO2),10740,"Albuquerque, NM",35,New Mexico,1,Bernalillo,35.1343,-106.5852
7/12/2018,AQS,350010023,1,6.2,ppb,6,DEL NORTE HIGH SCHOOL,24,100,42602,Nitrogen dioxide (NO2),10740,"Albuquerque, NM",35,New Mexico,1,Bernalillo,35.1343,-106.5852
7/13/2018,AQS,350010023,1,9.9,ppb,8,DEL NORTE HIGH SCHOOL,24,100,42602,Nitrogen dioxide (NO2),10740,"Albuquerque, NM",35,New Mexico,1,Bernalillo,35.1343,-106.5852
7/14/2018,AQS,350010023,1,12.2,ppb,11,DEL NORTE HIGH SCHOOL,24,100,42602,Nitrogen dioxide (NO2),10740,"Albuquerque, NM",35,New Mexico,1,Bernalillo,35.1343,-106.5852
7/15/2018,AQS,350010023,1,12.5,ppb,11,DEL NORTE HIGH SCHOOL,20,83,42602,Nitrogen dioxide (NO2),10740,"Albuquerque, NM",35,New Mexico,1,Bernalillo,35.1343,-106.5852
7/16/2018,AQS,350010023,1,11.9,ppb,10,DEL NORTE HIGH SCHOOL,24,100,42602,Nitrogen dioxide (NO2),10740,"Albuquerque, NM",35,New Mexico,1,Bernalillo,35.1343,-106.5852
7/17/2018,AQS,350010023,1,14.4,ppb,13,DEL NORTE HIGH SCHOOL,24,100,42602,Nitrogen dioxide (NO2),10740,"Albuquerque, NM",35,New Mexico,1,Bernalillo,35.1343,-106.5852
7/18/2018,AQS,350010023,1,11.5,ppb,10,DEL NORTE HIGH SCHOOL,24,100,42602,Nitrogen dioxide (NO2),10740,"Albuquerque, NM",35,New Mexico,1,Bernalillo,35.1343,-106.5852
7/19/2018,AQS,350010023,1,10.3,ppb,9,DEL NORTE HIGH SCHOOL,24,100,42602,Nitrogen dioxide (NO2),10740,"Albuquerque, NM",35,New Mexico,1,Bernalillo,35.1343,-106.5852
7/20/2018,AQS,350010023,1,18.8,ppb,17,DEL NORTE HIGH SCHOOL,24,100,42602,Nitrogen dioxide (NO2),10740,"Albuquerque, NM",35,New Mexico,1,Bernalillo,35.1343,-106.5852
7/21/2018,AQS,350010023,1,13,ppb,12,DEL NORTE HIGH SCHOOL,24,100,42602,Nitrogen dioxide (NO2),10740,"Albuquerque, NM",35,New Mexico,1,Bernalillo,35.1343,-106.5852
7/22/2018,AQS,350010023,1,13.7,ppb,12,DEL NORTE HIGH SCHOOL,20,83,42602,Nitrogen dioxide (NO2),10740,"Albuquerque, NM",35,New Mexico,1,Bernalillo,35.1343,-106.5852
7/23/2018,AQS,350010023,1,12.6,ppb,11,DEL NORTE HIGH SCHOOL,24,100,42602,Nitrogen dioxide (NO2),10740,"Albuquerque, NM",35,New Mexico,1,Bernalillo,35.1343,-106.5852
7/24/2018,AQS,350010023,1,13.4,ppb,12,DEL NORTE HIGH SCHOOL,24,100,42602,Nitrogen dioxide (NO2),10740,"Albuquerque, NM",35,New Mexico,1,Bernalillo,35.1343,-106.5852
7/25/2018,AQS,350010023,1,13.2,ppb,12,DEL NORTE HIGH SCHOOL,24,100,42602,Nitrogen dioxide (NO2),10740,"Albuquerque, NM",35,New Mexico,1,Bernalillo,35.1343,-106.5852
7/26/2018,AQS,350010023,1,14.5,ppb,13,DEL NORTE HIGH SCHOOL,24,100,42602,Nitrogen dioxide (NO2),10740,"Albuquerque, NM",35,New Mexico,1,Bernalillo,35.1343,-106.5852
7/27/2018,AQS,350010023,1,15.9,ppb,14,DEL NORTE HIGH SCHOOL,24,100,42602,Nitrogen dioxide (NO2),10740,"Albuquerque, NM",35,New Mexico,1,Bernalillo,35.1343,-106.5852
7/28/2018,AQS,350010023,1,11,ppb,10,DEL NORTE HIGH SCHOOL,24,100,42602,Nitrogen dioxide (NO2),10740,"Albuquerque, NM",35,New Mexico,1,Bernalillo,35.1343,-106.5852
7/29/2018,AQS,350010023,1,15,ppb,14,DEL NORTE HIGH SCHOOL,20,83,42602,Nitrogen dioxide (NO2),10740,"Albuquerque, NM",35,New Mexico,1,Bernalillo,35.1343,-106.5852
7/30/2018,AQS,350010023,1,16.4,ppb,15,DEL NORTE HIGH SCHOOL,24,100,42602,Nitrogen dioxide (NO2),10740,"Albuquerque, NM",35,New Mexico,1,Bernalillo,35.1343,-106.5852
7/31/2018,AQS,350010023,1,24.5,ppb,23,DEL NORTE HIGH SCHOOL,24,100,42602,Nitrogen dioxide (NO2),10740,"Albuquerque, NM",35,New Mexico,1,Bernalillo,35.1343,-106.5852
8/1/2018,AQS,350010023,1,23.1,ppb,22,DEL NORTE HIGH SCHOOL,24,100,42602,Nitrogen dioxide (NO2),10740,"Albuquerque, NM",35,New Mexico,1,Bernalillo,35.1343,-106.5852
8/2/2018,AQS,350010023,1,13.1,ppb,12,DEL NORTE HIGH SCHOOL,24,100,42602,Nitrogen dioxide (NO2),10740,"Albuquerque, NM",35,New Mexico,1,Bernalillo,35.1343,-106.5852
8/3/2018,AQS,350010023,1,15.4,ppb,14,DEL NORTE HIGH SCHOOL,24,100,42602,Nitrogen dioxide (NO2),10740,"Albuquerque, NM",35,New Mexico,1,Bernalillo,35.1343,-106.5852
8/4/2018,AQS,350010023,1,21.3,ppb,20,DEL NORTE HIGH SCHOOL,24,100,42602,Nitrogen dioxide (NO2),10740,"Albuquerque, NM",35,New Mexico,1,Bernalillo,35.1343,-106.5852
8/5/2018,AQS,350010023,1,20.4,ppb,19,DEL NORTE HIGH SCHOOL,24,100,42602,Nitrogen dioxide (NO2),10740,"Albuquerque, NM",35,New Mexico,1,Bernalillo,35.1343,-106.5852
8/6/2018,AQS,350010023,1,21.5,ppb,20,DEL NORTE HIGH SCHOOL,20,83,42602,Nitrogen dioxide (NO2),10740,"Albuquerque, NM",35,New Mexico,1,Bernalillo,35.1343,-106.5852
8/7/2018,AQS,350010023,1,22.8,ppb,21,DEL NORTE HIGH SCHOOL,22,92,42602,Nitrogen dioxide (NO2),10740,"Albuquerque, NM",35,New Mexico,1,Bernalillo,35.1343,-106.5852
8/8/2018,AQS,350010023,1,16.9,ppb,15,DEL NORTE HIGH SCHOOL,24,100,42602,Nitrogen dioxide (NO2),10740,"Albuquerque, NM",35,New Mexico,1,Bernalillo,35.1343,-106.5852
8/9/2018,AQS,350010023,1,26.2,ppb,25,DEL NORTE HIGH SCHOOL,24,100,42602,Nitrogen dioxide (NO2),10740,"Albuquerque, NM",35,New Mexico,1,Bernalillo,35.1343,-106.5852
8/10/2018,AQS,350010023,1,16,ppb,15,DEL NORTE HIGH SCHOOL,24,100,42602,Nitrogen dioxide (NO2),10740,"Albuquerque, NM",35,New Mexico,1,Bernalillo,35.1343,-106.5852
8/11/2018,AQS,350010023,1,10.3,ppb,9,DEL NORTE HIGH SCHOOL,24,100,42602,Nitrogen dioxide (NO2),10740,"Albuquerque, NM",35,New Mexico,1,Bernalillo,35.1343,-106.5852
8/12/2018,AQS,350010023,1,10,ppb,9,DEL NORTE HIGH SCHOOL,20,83,42602,Nitrogen dioxide (NO2),10740,"Albuquerque, NM",35,New Mexico,1,Bernalillo,35.1343,-106.5852
8/13/2018,AQS,350010023,1,13.8,ppb,12,DEL NORTE HIGH SCHOOL,24,100,42602,Nitrogen dioxide (NO2),10740,"Albuquerque, NM",35,New Mexico,1,Bernalillo,35.1343,-106.5852
8/14/2018,AQS,350010023,1,21.3,ppb,20,DEL NORTE HIGH SCHOOL,24,100,42602,Nitrogen dioxide (NO2),10740,"Albuquerque, NM",35,New Mexico,1,Bernalillo,35.1343,-106.5852
8/15/2018,AQS,350010023,1,25.5,ppb,24,DEL NORTE HIGH SCHOOL,23,96,42602,Nitrogen dioxide (NO2),10740,"Albuquerque, NM",35,New Mexico,1,Bernalillo,35.1343,-106.5852
8/16/2018,AQS,350010023,1,15.5,ppb,14,DEL NORTE HIGH SCHOOL,24,100,42602,Nitrogen dioxide (NO2),10740,"Albuquerque, NM",35,New Mexico,1,Bernalillo,35.1343,-106.5852
8/17/2018,AQS,350010023,1,18.7,ppb,17,DEL NORTE HIGH SCHOOL,24,100,42602,Nitrogen dioxide (NO2),10740,"Albuquerque, NM",35,New Mexico,1,Bernalillo,35.1343,-106.5852
8/18/2018,AQS,350010023,1,14.6,ppb,13,DEL NORTE HIGH SCHOOL,24,100,42602,Nitrogen dioxide (NO2),10740,"Albuquerque, NM",35,New Mexico,1,Bernalillo,35.1343,-106.5852
8/19/2018,AQS,350010023,1,11.1,ppb,10,DEL NORTE HIGH SCHOOL,20,83,42602,Nitrogen dioxide (NO2),10740,"Albuquerque, NM",35,New Mexico,1,Bernalillo,35.1343,-106.5852
8/20/2018,AQS,350010023,1,10.4,ppb,9,DEL NORTE HIGH SCHOOL,18,75,42602,Nitrogen dioxide (NO2),10740,"Albuquerque, NM",35,New Mexico,1,Bernalillo,35.1343,-106.5852
8/21/2018,AQS,350010023,1,16.6,ppb,15,DEL NORTE HIGH SCHOOL,24,100,42602,Nitrogen dioxide (NO2),10740,"Albuquerque, NM",35,New Mexico,1,Bernalillo,35.1343,-106.5852
8/22/2018,AQS,350010023,1,12.1,ppb,11,DEL NORTE HIGH SCHOOL,24,100,42602,Nitrogen dioxide (NO2),10740,"Albuquerque, NM",35,New Mexico,1,Bernalillo,35.1343,-106.5852
8/25/2018,AQS,350010023,1,10.6,ppb,9,DEL NORTE HIGH SCHOOL,24,100,42602,Nitrogen dioxide (NO2),10740,"Albuquerque, NM",35,New Mexico,1,Bernalillo,35.1343,-106.5852
8/26/2018,AQS,350010023,1,8.9,ppb,8,DEL NORTE HIGH SCHOOL,20,83,42602,Nitrogen dioxide (NO2),10740,"Albuquerque, NM",35,New Mexico,1,Bernalillo,35.1343,-106.5852
8/27/2018,AQS,350010023,1,19.8,ppb,18,DEL NORTE HIGH SCHOOL,24,100,42602,Nitrogen dioxide (NO2),10740,"Albuquerque, NM",35,New Mexico,1,Bernalillo,35.1343,-106.5852
8/28/2018,AQS,350010023,1,19.4,ppb,18,DEL NORTE HIGH SCHOOL,24,100,42602,Nitrogen dioxide (NO2),10740,"Albuquerque, NM",35,New Mexico,1,Bernalillo,35.1343,-106.5852
8/29/2018,AQS,350010023,1,22,ppb,21,DEL NORTE HIGH SCHOOL,19,79,42602,Nitrogen dioxide (NO2),10740,"Albuquerque, NM",35,New Mexico,1,Bernalillo,35.1343,-106.5852
8/30/2018,AQS,350010023,1,26.4,ppb,25,DEL NORTE HIGH SCHOOL,24,100,42602,Nitrogen dioxide (NO2),10740,"Albuquerque, NM",35,New Mexico,1,Bernalillo,35.1343,-106.5852
8/31/2018,AQS,350010023,1,21.3,ppb,20,DEL NORTE HIGH SCHOOL,24,100,42602,Nitrogen dioxide (NO2),10740,"Albuquerque, NM",35,New Mexico,1,Bernalillo,35.1343,-106.5852
9/1/2018,AQS,350010023,1,18.9,ppb,17,DEL NORTE HIGH SCHOOL,24,100,42602,Nitrogen dioxide (NO2),10740,"Albuquerque, NM",35,New Mexico,1,Bernalillo,35.1343,-106.5852
9/2/2018,AQS,350010023,1,17.1,ppb,16,DEL NORTE HIGH SCHOOL,24,100,42602,Nitrogen dioxide (NO2),10740,"Albuquerque, NM",35,New Mexico,1,Bernalillo,35.1343,-106.5852
9/3/2018,AQS,350010023,1,7.5,ppb,7,DEL NORTE HIGH SCHOOL,20,83,42602,Nitrogen dioxide (NO2),10740,"Albuquerque, NM",35,New Mexico,1,Bernalillo,35.1343,-106.5852
9/5/2018,AQS,350010023,1,19.8,ppb,18,DEL NORTE HIGH SCHOOL,24,100,42602,Nitrogen dioxide (NO2),10740,"Albuquerque, NM",35,New Mexico,1,Bernalillo,35.1343,-106.5852
9/6/2018,AQS,350010023,1,9.1,ppb,8,DEL NORTE HIGH SCHOOL,24,100,42602,Nitrogen dioxide (NO2),10740,"Albuquerque, NM",35,New Mexico,1,Bernalillo,35.1343,-106.5852
9/7/2018,AQS,350010023,1,14.2,ppb,13,DEL NORTE HIGH SCHOOL,24,100,42602,Nitrogen dioxide (NO2),10740,"Albuquerque, NM",35,New Mexico,1,Bernalillo,35.1343,-106.5852
9/8/2018,AQS,350010023,1,13.8,ppb,12,DEL NORTE HIGH SCHOOL,24,100,42602,Nitrogen dioxide (NO2),10740,"Albuquerque, NM",35,New Mexico,1,Bernalillo,35.1343,-106.5852
9/9/2018,AQS,350010023,1,14.1,ppb,13,DEL NORTE HIGH SCHOOL,20,83,42602,Nitrogen dioxide (NO2),10740,"Albuquerque, NM",35,New Mexico,1,Bernalillo,35.1343,-106.5852
9/10/2018,AQS,350010023,1,17.5,ppb,16,DEL NORTE HIGH SCHOOL,24,100,42602,Nitrogen dioxide (NO2),10740,"Albuquerque, NM",35,New Mexico,1,Bernalillo,35.1343,-106.5852
9/11/2018,AQS,350010023,1,26.6,ppb,25,DEL NORTE HIGH SCHOOL,24,100,42602,Nitrogen dioxide (NO2),10740,"Albuquerque, NM",35,New Mexico,1,Bernalillo,35.1343,-106.5852
9/12/2018,AQS,350010023,1,25.3,ppb,24,DEL NORTE HIGH SCHOOL,24,100,42602,Nitrogen dioxide (NO2),10740,"Albuquerque, NM",35,New Mexico,1,Bernalillo,35.1343,-106.5852
9/13/2018,AQS,350010023,1,23.1,ppb,22,DEL NORTE HIGH SCHOOL,24,100,42602,Nitrogen dioxide (NO2),10740,"Albuquerque, NM",35,New Mexico,1,Bernalillo,35.1343,-106.5852
9/14/2018,AQS,350010023,1,31,ppb,29,DEL NORTE HIGH SCHOOL,24,100,42602,Nitrogen dioxide (NO2),10740,"Albuquerque, NM",35,New Mexico,1,Bernalillo,35.1343,-106.5852
9/15/2018,AQS,350010023,1,23,ppb,22,DEL NORTE HIGH SCHOOL,24,100,42602,Nitrogen dioxide (NO2),10740,"Albuquerque, NM",35,New Mexico,1,Bernalillo,35.1343,-106.5852
9/16/2018,AQS,350010023,1,14,ppb,13,DEL NORTE HIGH SCHOOL,20,83,42602,Nitrogen dioxide (NO2),10740,"Albuquerque, NM",35,New Mexico,1,Bernalillo,35.1343,-106.5852
9/17/2018,AQS,350010023,1,21.9,ppb,20,DEL NORTE HIGH SCHOOL,24,100,42602,Nitrogen dioxide (NO2),10740,"Albuquerque, NM",35,New Mexico,1,Bernalillo,35.1343,-106.5852
9/18/2018,AQS,350010023,1,24.5,ppb,23,DEL NORTE HIGH SCHOOL,24,100,42602,Nitrogen dioxide (NO2),10740,"Albuquerque, NM",35,New Mexico,1,Bernalillo,35.1343,-106.5852
9/19/2018,AQS,350010023,1,8.4,ppb,8,DEL NORTE HIGH SCHOOL,24,100,42602,Nitrogen dioxide (NO2),10740,"Albuquerque, NM",35,New Mexico,1,Bernalillo,35.1343,-106.5852
9/20/2018,AQS,350010023,1,17.8,ppb,16,DEL NORTE HIGH SCHOOL,22,92,42602,Nitrogen dioxide (NO2),10740,"Albuquerque, NM",35,New Mexico,1,Bernalillo,35.1343,-106.5852
9/21/2018,AQS,350010023,1,12.2,ppb,11,DEL NORTE HIGH SCHOOL,24,100,42602,Nitrogen dioxide (NO2),10740,"Albuquerque, NM",35,New Mexico,1,Bernalillo,35.1343,-106.5852
9/22/2018,AQS,350010023,1,14.6,ppb,13,DEL NORTE HIGH SCHOOL,24,100,42602,Nitrogen dioxide (NO2),10740,"Albuquerque, NM",35,New Mexico,1,Bernalillo,35.1343,-106.5852
9/23/2018,AQS,350010023,1,21.1,ppb,20,DEL NORTE HIGH SCHOOL,20,83,42602,Nitrogen dioxide (NO2),10740,"Albuquerque, NM",35,New Mexico,1,Bernalillo,35.1343,-106.5852
9/24/2018,AQS,350010023,1,22.2,ppb,21,DEL NORTE HIGH SCHOOL,21,88,42602,Nitrogen dioxide (NO2),10740,"Albuquerque, NM",35,New Mexico,1,Bernalillo,35.1343,-106.5852
9/25/2018,AQS,350010023,1,19.7,ppb,18,DEL NORTE HIGH SCHOOL,19,79,42602,Nitrogen dioxide (NO2),10740,"Albuquerque, NM",35,New Mexico,1,Bernalillo,35.1343,-106.5852
9/27/2018,AQS,350010023,1,25,ppb,24,DEL NORTE HIGH SCHOOL,24,100,42602,Nitrogen dioxide (NO2),10740,"Albuquerque, NM",35,New Mexico,1,Bernalillo,35.1343,-106.5852
9/28/2018,AQS,350010023,1,28.6,ppb,26,DEL NORTE HIGH SCHOOL,24,100,42602,Nitrogen dioxide (NO2),10740,"Albuquerque, NM",35,New Mexico,1,Bernalillo,35.1343,-106.5852
9/29/2018,AQS,350010023,1,17.3,ppb,16,DEL NORTE HIGH SCHOOL,24,100,42602,Nitrogen dioxide (NO2),10740,"Albuquerque, NM",35,New Mexico,1,Bernalillo,35.1343,-106.5852
9/30/2018,AQS,350010023,1,15.9,ppb,14,DEL NORTE HIGH SCHOOL,20,83,42602,Nitrogen dioxide (NO2),10740,"Albuquerque, NM",35,New Mexico,1,Bernalillo,35.1343,-106.5852
10/1/2018,AQS,350010023,1,24.1,ppb,23,DEL NORTE HIGH SCHOOL,24,100,42602,Nitrogen dioxide (NO2),10740,"Albuquerque, NM",35,New Mexico,1,Bernalillo,35.1343,-106.5852
10/2/2018,AQS,350010023,1,19.1,ppb,18,DEL NORTE HIGH SCHOOL,24,100,42602,Nitrogen dioxide (NO2),10740,"Albuquerque, NM",35,New Mexico,1,Bernalillo,35.1343,-106.5852
10/3/2018,AQS,350010023,1,14.2,ppb,13,DEL NORTE HIGH SCHOOL,24,100,42602,Nitrogen dioxide (NO2),10740,"Albuquerque, NM",35,New Mexico,1,Bernalillo,35.1343,-106.5852
10/4/2018,AQS,350010023,1,23.9,ppb,22,DEL NORTE HIGH SCHOOL,20,83,42602,Nitrogen dioxide (NO2),10740,"Albuquerque, NM",35,New Mexico,1,Bernalillo,35.1343,-106.5852
10/5/2018,AQS,350010023,1,22.1,ppb,21,DEL NORTE HIGH SCHOOL,24,100,42602,Nitrogen dioxide (NO2),10740,"Albuquerque, NM",35,New Mexico,1,Bernalillo,35.1343,-106.5852
10/6/2018,AQS,350010023,1,14.2,ppb,13,DEL NORTE HIGH SCHOOL,24,100,42602,Nitrogen dioxide (NO2),10740,"Albuquerque, NM",35,New Mexico,1,Bernalillo,35.1343,-106.5852
10/7/2018,AQS,350010023,1,4,ppb,4,DEL NORTE HIGH SCHOOL,20,83,42602,Nitrogen dioxide (NO2),10740,"Albuquerque, NM",35,New Mexico,1,Bernalillo,35.1343,-106.5852
10/8/2018,AQS,350010023,1,18.6,ppb,17,DEL NORTE HIGH SCHOOL,24,100,42602,Nitrogen dioxide (NO2),10740,"Albuquerque, NM",35,New Mexico,1,Bernalillo,35.1343,-106.5852
10/9/2018,AQS,350010023,1,13.1,ppb,12,DEL NORTE HIGH SCHOOL,24,100,42602,Nitrogen dioxide (NO2),10740,"Albuquerque, NM",35,New Mexico,1,Bernalillo,35.1343,-106.5852
10/10/2018,AQS,350010023,1,31.7,ppb,29,DEL NORTE HIGH SCHOOL,24,100,42602,Nitrogen dioxide (NO2),10740,"Albuquerque, NM",35,New Mexico,1,Bernalillo,35.1343,-106.5852
10/11/2018,AQS,350010023,1,29.4,ppb,27,DEL NORTE HIGH SCHOOL,24,100,42602,Nitrogen dioxide (NO2),10740,"Albuquerque, NM",35,New Mexico,1,Bernalillo,35.1343,-106.5852
10/12/2018,AQS,350010023,1,23.7,ppb,22,DEL NORTE HIGH SCHOOL,24,100,42602,Nitrogen dioxide (NO2),10740,"Albuquerque, NM",35,New Mexico,1,Bernalillo,35.1343,-106.5852
10/13/2018,AQS,350010023,1,16.6,ppb,15,DEL NORTE HIGH SCHOOL,24,100,42602,Nitrogen dioxide (NO2),10740,"Albuquerque, NM",35,New Mexico,1,Bernalillo,35.1343,-106.5852
10/14/2018,AQS,350010023,1,5.9,ppb,5,DEL NORTE HIGH SCHOOL,20,83,42602,Nitrogen dioxide (NO2),10740,"Albuquerque, NM",35,New Mexico,1,Bernalillo,35.1343,-106.5852
10/15/2018,AQS,350010023,1,16.7,ppb,15,DEL NORTE HIGH SCHOOL,24,100,42602,Nitrogen dioxide (NO2),10740,"Albuquerque, NM",35,New Mexico,1,Bernalillo,35.1343,-106.5852
10/16/2018,AQS,350010023,1,17.8,ppb,16,DEL NORTE HIGH SCHOOL,24,100,42602,Nitrogen dioxide (NO2),10740,"Albuquerque, NM",35,New Mexico,1,Bernalillo,35.1343,-106.5852
10/17/2018,AQS,350010023,1,2,ppb,2,DEL NORTE HIGH SCHOOL,24,100,42602,Nitrogen dioxide (NO2),10740,"Albuquerque, NM",35,New Mexico,1,Bernalillo,35.1343,-106.5852
10/18/2018,AQS,350010023,1,18.3,ppb,17,DEL NORTE HIGH SCHOOL,24,100,42602,Nitrogen dioxide (NO2),10740,"Albuquerque, NM",35,New Mexico,1,Bernalillo,35.1343,-106.5852
10/19/2018,AQS,350010023,1,18.4,ppb,17,DEL NORTE HIGH SCHOOL,24,100,42602,Nitrogen dioxide (NO2),10740,"Albuquerque, NM",35,New Mexico,1,Bernalillo,35.1343,-106.5852
10/20/2018,AQS,350010023,1,15.3,ppb,14,DEL NORTE HIGH SCHOOL,24,100,42602,Nitrogen dioxide (NO2),10740,"Albuquerque, NM",35,New Mexico,1,Bernalillo,35.1343,-106.5852
10/21/2018,AQS,350010023,1,19.8,ppb,18,DEL NORTE HIGH SCHOOL,19,79,42602,Nitrogen dioxide (NO2),10740,"Albuquerque, NM",35,New Mexico,1,Bernalillo,35.1343,-106.5852
10/22/2018,AQS,350010023,1,28.5,ppb,26,DEL NORTE HIGH SCHOOL,18,75,42602,Nitrogen dioxide (NO2),10740,"Albuquerque, NM",35,New Mexico,1,Bernalillo,35.1343,-106.5852
10/23/2018,AQS,350010023,1,19.6,ppb,18,DEL NORTE HIGH SCHOOL,24,100,42602,Nitrogen dioxide (NO2),10740,"Albuquerque, NM",35,New Mexico,1,Bernalillo,35.1343,-106.5852
10/24/2018,AQS,350010023,1,22.8,ppb,21,DEL NORTE HIGH SCHOOL,24,100,42602,Nitrogen dioxide (NO2),10740,"Albuquerque, NM",35,New Mexico,1,Bernalillo,35.1343,-106.5852
10/25/2018,AQS,350010023,1,26.9,ppb,25,DEL NORTE HIGH SCHOOL,24,100,42602,Nitrogen dioxide (NO2),10740,"Albuquerque, NM",35,New Mexico,1,Bernalillo,35.1343,-106.5852
10/26/2018,AQS,350010023,1,25,ppb,24,DEL NORTE HIGH SCHOOL,24,100,42602,Nitrogen dioxide (NO2),10740,"Albuquerque, NM",35,New Mexico,1,Bernalillo,35.1343,-106.5852
10/27/2018,AQS,350010023,1,28,ppb,26,DEL NORTE HIGH SCHOOL,24,100,42602,Nitrogen dioxide (NO2),10740,"Albuquerque, NM",35,New Mexico,1,Bernalillo,35.1343,-106.5852
10/28/2018,AQS,350010023,1,24.7,ppb,23,DEL NORTE HIGH SCHOOL,19,79,42602,Nitrogen dioxide (NO2),10740,"Albuquerque, NM",35,New Mexico,1,Bernalillo,35.1343,-106.5852
10/29/2018,AQS,350010023,1,21.5,ppb,20,DEL NORTE HIGH SCHOOL,23,96,42602,Nitrogen dioxide (NO2),10740,"Albuquerque, NM",35,New Mexico,1,Bernalillo,35.1343,-106.5852
10/30/2018,AQS,350010023,1,31.4,ppb,29,DEL NORTE HIGH SCHOOL,24,100,42602,Nitrogen dioxide (NO2),10740,"Albuquerque, NM",35,New Mexico,1,Bernalillo,35.1343,-106.5852
10/31/2018,AQS,350010023,1,27.7,ppb,25,DEL NORTE HIGH SCHOOL,24,100,42602,Nitrogen dioxide (NO2),10740,"Albuquerque, NM",35,New Mexico,1,Bernalillo,35.1343,-106.5852
11/1/2018,AQS,350010023,1,24,ppb,23,DEL NORTE HIGH SCHOOL,24,100,42602,Nitrogen dioxide (NO2),10740,"Albuquerque, NM",35,New Mexico,1,Bernalillo,35.1343,-106.5852
11/2/2018,AQS,350010023,1,27.7,ppb,25,DEL NORTE HIGH SCHOOL,21,88,42602,Nitrogen dioxide (NO2),10740,"Albuquerque, NM",35,New Mexico,1,Bernalillo,35.1343,-106.5852
11/3/2018,AQS,350010023,1,25.5,ppb,24,DEL NORTE HIGH SCHOOL,24,100,42602,Nitrogen dioxide (NO2),10740,"Albuquerque, NM",35,New Mexico,1,Bernalillo,35.1343,-106.5852
11/4/2018,AQS,350010023,1,30.8,ppb,28,DEL NORTE HIGH SCHOOL,19,79,42602,Nitrogen dioxide (NO2),10740,"Albuquerque, NM",35,New Mexico,1,Bernalillo,35.1343,-106.5852
11/5/2018,AQS,350010023,1,29.1,ppb,27,DEL NORTE HIGH SCHOOL,23,96,42602,Nitrogen dioxide (NO2),10740,"Albuquerque, NM",35,New Mexico,1,Bernalillo,35.1343,-106.5852
11/6/2018,AQS,350010023,1,37.3,ppb,35,DEL NORTE HIGH SCHOOL,24,100,42602,Nitrogen dioxide (NO2),10740,"Albuquerque, NM",35,New Mexico,1,Bernalillo,35.1343,-106.5852
11/7/2018,AQS,350010023,1,40.8,ppb,38,DEL NORTE HIGH SCHOOL,24,100,42602,Nitrogen dioxide (NO2),10740,"Albuquerque, NM",35,New Mexico,1,Bernalillo,35.1343,-106.5852
11/8/2018,AQS,350010023,1,29.1,ppb,27,DEL NORTE HIGH SCHOOL,24,100,42602,Nitrogen dioxide (NO2),10740,"Albuquerque, NM",35,New Mexico,1,Bernalillo,35.1343,-106.5852
11/9/2018,AQS,350010023,1,33.3,ppb,31,DEL NORTE HIGH SCHOOL,24,100,42602,Nitrogen dioxide (NO2),10740,"Albuquerque, NM",35,New Mexico,1,Bernalillo,35.1343,-106.5852
11/10/2018,AQS,350010023,1,17,ppb,16,DEL NORTE HIGH SCHOOL,24,100,42602,Nitrogen dioxide (NO2),10740,"Albuquerque, NM",35,New Mexico,1,Bernalillo,35.1343,-106.5852
11/11/2018,AQS,350010023,1,18.9,ppb,17,DEL NORTE HIGH SCHOOL,19,79,42602,Nitrogen dioxide (NO2),10740,"Albuquerque, NM",35,New Mexico,1,Bernalillo,35.1343,-106.5852
11/12/2018,AQS,350010023,1,20.9,ppb,19,DEL NORTE HIGH SCHOOL,24,100,42602,Nitrogen dioxide (NO2),10740,"Albuquerque, NM",35,New Mexico,1,Bernalillo,35.1343,-106.5852
11/15/2018,AQS,350010023,1,38.9,ppb,36,DEL NORTE HIGH SCHOOL,23,96,42602,Nitrogen dioxide (NO2),10740,"Albuquerque, NM",35,New Mexico,1,Bernalillo,35.1343,-106.5852
11/16/2018,AQS,350010023,1,39.7,ppb,37,DEL NORTE HIGH SCHOOL,24,100,42602,Nitrogen dioxide (NO2),10740,"Albuquerque, NM",35,New Mexico,1,Bernalillo,35.1343,-106.5852
11/17/2018,AQS,350010023,1,35.1,ppb,33,DEL NORTE HIGH SCHOOL,24,100,42602,Nitrogen dioxide (NO2),10740,"Albuquerque, NM",35,New Mexico,1,Bernalillo,35.1343,-106.5852
11/18/2018,AQS,350010023,1,33.5,ppb,31,DEL NORTE HIGH SCHOOL,19,79,42602,Nitrogen dioxide (NO2),10740,"Albuquerque, NM",35,New Mexico,1,Bernalillo,35.1343,-106.5852
11/19/2018,AQS,350010023,1,40.8,ppb,38,DEL NORTE HIGH SCHOOL,22,92,42602,Nitrogen dioxide (NO2),10740,"Albuquerque, NM",35,New Mexico,1,Bernalillo,35.1343,-106.5852
11/20/2018,AQS,350010023,1,40.8,ppb,38,DEL NORTE HIGH SCHOOL,24,100,42602,Nitrogen dioxide (NO2),10740,"Albuquerque, NM",35,New Mexico,1,Bernalillo,35.1343,-106.5852
11/21/2018,AQS,350010023,1,43.4,ppb,41,DEL NORTE HIGH SCHOOL,24,100,42602,Nitrogen dioxide (NO2),10740,"Albuquerque, NM",35,New Mexico,1,Bernalillo,35.1343,-106.5852
11/22/2018,AQS,350010023,1,37.3,ppb,35,DEL NORTE HIGH SCHOOL,24,100,42602,Nitrogen dioxide (NO2),10740,"Albuquerque, NM",35,New Mexico,1,Bernalillo,35.1343,-106.5852
11/23/2018,AQS,350010023,1,33.5,ppb,31,DEL NORTE HIGH SCHOOL,24,100,42602,Nitrogen dioxide (NO2),10740,"Albuquerque, NM",35,New Mexico,1,Bernalillo,35.1343,-106.5852
11/24/2018,AQS,350010023,1,37.1,ppb,35,DEL NORTE HIGH SCHOOL,24,100,42602,Nitrogen dioxide (NO2),10740,"Albuquerque, NM",35,New Mexico,1,Bernalillo,35.1343,-106.5852
11/25/2018,AQS,350010023,1,31.8,ppb,29,DEL NORTE HIGH SCHOOL,19,79,42602,Nitrogen dioxide (NO2),10740,"Albuquerque, NM",35,New Mexico,1,Bernalillo,35.1343,-106.5852
11/26/2018,AQS,350010023,1,38.2,ppb,36,DEL NORTE HIGH SCHOOL,23,96,42602,Nitrogen dioxide (NO2),10740,"Albuquerque, NM",35,New Mexico,1,Bernalillo,35.1343,-106.5852
11/27/2018,AQS,350010023,1,41.3,ppb,39,DEL NORTE HIGH SCHOOL,19,79,42602,Nitrogen dioxide (NO2),10740,"Albuquerque, NM",35,New Mexico,1,Bernalillo,35.1343,-106.5852
11/28/2018,AQS,350010023,1,43.5,ppb,41,DEL NORTE HIGH SCHOOL,24,100,42602,Nitrogen dioxide (NO2),10740,"Albuquerque, NM",35,New Mexico,1,Bernalillo,35.1343,-106.5852
11/29/2018,AQS,350010023,1,43.3,ppb,41,DEL NORTE HIGH SCHOOL,20,83,42602,Nitrogen dioxide (NO2),10740,"Albuquerque, NM",35,New Mexico,1,Bernalillo,35.1343,-106.5852
11/30/2018,AQS,350010023,1,27.9,ppb,25,DEL NORTE HIGH SCHOOL,24,100,42602,Nitrogen dioxide (NO2),10740,"Albuquerque, NM",35,New Mexico,1,Bernalillo,35.1343,-106.5852
12/1/2018,AQS,350010023,1,33.5,ppb,31,DEL NORTE HIGH SCHOOL,24,100,42602,Nitrogen dioxide (NO2),10740,"Albuquerque, NM",35,New Mexico,1,Bernalillo,35.1343,-106.5852
12/2/2018,AQS,350010023,1,27.4,ppb,25,DEL NORTE HIGH SCHOOL,19,79,42602,Nitrogen dioxide (NO2),10740,"Albuquerque, NM",35,New Mexico,1,Bernalillo,35.1343,-106.5852
12/3/2018,AQS,350010023,1,40.7,ppb,38,DEL NORTE HIGH SCHOOL,23,96,42602,Nitrogen dioxide (NO2),10740,"Albuquerque, NM",35,New Mexico,1,Bernalillo,35.1343,-106.5852
12/4/2018,AQS,350010023,1,34,ppb,32,DEL NORTE HIGH SCHOOL,24,100,42602,Nitrogen dioxide (NO2),10740,"Albuquerque, NM",35,New Mexico,1,Bernalillo,35.1343,-106.5852
12/5/2018,AQS,350010023,1,41.7,ppb,39,DEL NORTE HIGH SCHOOL,24,100,42602,Nitrogen dioxide (NO2),10740,"Albuquerque, NM",35,New Mexico,1,Bernalillo,35.1343,-106.5852
12/6/2018,AQS,350010023,1,37.8,ppb,35,DEL NORTE HIGH SCHOOL,24,100,42602,Nitrogen dioxide (NO2),10740,"Albuquerque, NM",35,New Mexico,1,Bernalillo,35.1343,-106.5852
12/7/2018,AQS,350010023,1,28.3,ppb,26,DEL NORTE HIGH SCHOOL,24,100,42602,Nitrogen dioxide (NO2),10740,"Albuquerque, NM",35,New Mexico,1,Bernalillo,35.1343,-106.5852
12/8/2018,AQS,350010023,1,11.1,ppb,10,DEL NORTE HIGH SCHOOL,24,100,42602,Nitrogen dioxide (NO2),10740,"Albuquerque, NM",35,New Mexico,1,Bernalillo,35.1343,-106.5852
12/9/2018,AQS,350010023,1,32.8,ppb,30,DEL NORTE HIGH SCHOOL,19,79,42602,Nitrogen dioxide (NO2),10740,"Albuquerque, NM",35,New Mexico,1,Bernalillo,35.1343,-106.5852
12/10/2018,AQS,350010023,1,41.5,ppb,39,DEL NORTE HIGH SCHOOL,23,96,42602,Nitrogen dioxide (NO2),10740,"Albuquerque, NM",35,New Mexico,1,Bernalillo,35.1343,-106.5852
12/11/2018,AQS,350010023,1,39.2,ppb,37,DEL NORTE HIGH SCHOOL,24,100,42602,Nitrogen dioxide (NO2),10740,"Albuquerque, NM",35,New Mexico,1,Bernalillo,35.1343,-106.5852
12/12/2018,AQS,350010023,1,42.4,ppb,40,DEL NORTE HIGH SCHOOL,24,100,42602,Nitrogen dioxide (NO2),10740,"Albuquerque, NM",35,New Mexico,1,Bernalillo,35.1343,-106.5852
12/13/2018,AQS,350010023,1,25.5,ppb,24,DEL NORTE HIGH SCHOOL,24,100,42602,Nitrogen dioxide (NO2),10740,"Albuquerque, NM",35,New Mexico,1,Bernalillo,35.1343,-106.5852
12/14/2018,AQS,350010023,1,41.5,ppb,39,DEL NORTE HIGH SCHOOL,24,100,42602,Nitrogen dioxide (NO2),10740,"Albuquerque, NM",35,New Mexico,1,Bernalillo,35.1343,-106.5852
12/15/2018,AQS,350010023,1,36.9,ppb,34,DEL NORTE HIGH SCHOOL,24,100,42602,Nitrogen dioxide (NO2),10740,"Albuquerque, NM",35,New Mexico,1,Bernalillo,35.1343,-106.5852
12/16/2018,AQS,350010023,1,38.1,ppb,36,DEL NORTE HIGH SCHOOL,19,79,42602,Nitrogen dioxide (NO2),10740,"Albuquerque, NM",35,New Mexico,1,Bernalillo,35.1343,-106.5852
12/17/2018,AQS,350010023,1,33.7,ppb,31,DEL NORTE HIGH SCHOOL,23,96,42602,Nitrogen dioxide (NO2),10740,"Albuquerque, NM",35,New Mexico,1,Bernalillo,35.1343,-106.5852
12/18/2018,AQS,350010023,1,30.2,ppb,28,DEL NORTE HIGH SCHOOL,24,100,42602,Nitrogen dioxide (NO2),10740,"Albuquerque, NM",35,New Mexico,1,Bernalillo,35.1343,-106.5852
12/19/2018,AQS,350010023,1,10.4,ppb,9,DEL NORTE HIGH SCHOOL,24,100,42602,Nitrogen dioxide (NO2),10740,"Albuquerque, NM",35,New Mexico,1,Bernalillo,35.1343,-106.5852
12/20/2018,AQS,350010023,1,38.9,ppb,36,DEL NORTE HIGH SCHOOL,24,100,42602,Nitrogen dioxide (NO2),10740,"Albuquerque, NM",35,New Mexico,1,Bernalillo,35.1343,-106.5852
12/21/2018,AQS,350010023,1,44.8,ppb,42,DEL NORTE HIGH SCHOOL,24,100,42602,Nitrogen dioxide (NO2),10740,"Albuquerque, NM",35,New Mexico,1,Bernalillo,35.1343,-106.5852
12/22/2018,AQS,350010023,1,36.1,ppb,34,DEL NORTE HIGH SCHOOL,24,100,42602,Nitrogen dioxide (NO2),10740,"Albuquerque, NM",35,New Mexico,1,Bernalillo,35.1343,-106.5852
12/23/2018,AQS,350010023,1,39.8,ppb,37,DEL NORTE HIGH SCHOOL,24,100,42602,Nitrogen dioxide (NO2),10740,"Albuquerque, NM",35,New Mexico,1,Bernalillo,35.1343,-106.5852
12/24/2018,AQS,350010023,1,37.9,ppb,35,DEL NORTE HIGH SCHOOL,24,100,42602,Nitrogen dioxide (NO2),10740,"Albuquerque, NM",35,New Mexico,1,Bernalillo,35.1343,-106.5852
12/25/2018,AQS,350010023,1,31.6,ppb,29,DEL NORTE HIGH SCHOOL,19,79,42602,Nitrogen dioxide (NO2),10740,"Albuquerque, NM",35,New Mexico,1,Bernalillo,35.1343,-106.5852
12/26/2018,AQS,350010023,1,26.9,ppb,25,DEL NORTE HIGH SCHOOL,23,96,42602,Nitrogen dioxide (NO2),10740,"Albuquerque, NM",35,New Mexico,1,Bernalillo,35.1343,-106.5852
12/27/2018,AQS,350010023,1,30.5,ppb,28,DEL NORTE HIGH SCHOOL,24,100,42602,Nitrogen dioxide (NO2),10740,"Albuquerque, NM",35,New Mexico,1,Bernalillo,35.1343,-106.5852
12/28/2018,AQS,350010023,1,22.3,ppb,21,DEL NORTE HIGH SCHOOL,24,100,42602,Nitrogen dioxide (NO2),10740,"Albuquerque, NM",35,New Mexico,1,Bernalillo,35.1343,-106.5852
12/29/2018,AQS,350010023,1,38.5,ppb,36,DEL NORTE HIGH SCHOOL,24,100,42602,Nitrogen dioxide (NO2),10740,"Albuquerque, NM",35,New Mexico,1,Bernalillo,35.1343,-106.5852
12/30/2018,AQS,350010023,1,37.1,ppb,35,DEL NORTE HIGH SCHOOL,24,100,42602,Nitrogen dioxide (NO2),10740,"Albuquerque, NM",35,New Mexico,1,Bernalillo,35.1343,-106.5852
12/31/2018,AQS,350010023,1,32,ppb,30,DEL NORTE HIGH SCHOOL,19,79,42602,Nitrogen dioxide (NO2),10740,"Albuquerque, NM",35,New Mexico,1,Bernalillo,35.1343,-106.5852
7/1/2018,AQS,350010029,1,6.3,ppb,6,SOUTH VALLEY,21,88,42602,Nitrogen dioxide (NO2),10740,"Albuquerque, NM",35,New Mexico,1,Bernalillo,35.01708,-106.65739
7/2/2018,AQS,350010029,1,25.5,ppb,24,SOUTH VALLEY,24,100,42602,Nitrogen dioxide (NO2),10740,"Albuquerque, NM",35,New Mexico,1,Bernalillo,35.01708,-106.65739
7/3/2018,AQS,350010029,1,19.1,ppb,18,SOUTH VALLEY,24,100,42602,Nitrogen dioxide (NO2),10740,"Albuquerque, NM",35,New Mexico,1,Bernalillo,35.01708,-106.65739
7/4/2018,AQS,350010029,1,14.4,ppb,13,SOUTH VALLEY,24,100,42602,Nitrogen dioxide (NO2),10740,"Albuquerque, NM",35,New Mexico,1,Bernalillo,35.01708,-106.65739
7/5/2018,AQS,350010029,1,23.4,ppb,22,SOUTH VALLEY,24,100,42602,Nitrogen dioxide (NO2),10740,"Albuquerque, NM",35,New Mexico,1,Bernalillo,35.01708,-106.65739
7/6/2018,AQS,350010029,1,4.1,ppb,4,SOUTH VALLEY,24,100,42602,Nitrogen dioxide (NO2),10740,"Albuquerque, NM",35,New Mexico,1,Bernalillo,35.01708,-106.65739
7/7/2018,AQS,350010029,1,6.3,ppb,6,SOUTH VALLEY,24,100,42602,Nitrogen dioxide (NO2),10740,"Albuquerque, NM",35,New Mexico,1,Bernalillo,35.01708,-106.65739
7/8/2018,AQS,350010029,1,6.3,ppb,6,SOUTH VALLEY,21,88,42602,Nitrogen dioxide (NO2),10740,"Albuquerque, NM",35,New Mexico,1,Bernalillo,35.01708,-106.65739
7/9/2018,AQS,350010029,1,14.5,ppb,13,SOUTH VALLEY,24,100,42602,Nitrogen dioxide (NO2),10740,"Albuquerque, NM",35,New Mexico,1,Bernalillo,35.01708,-106.65739
7/10/2018,AQS,350010029,1,15.2,ppb,14,SOUTH VALLEY,24,100,42602,Nitrogen dioxide (NO2),10740,"Albuquerque, NM",35,New Mexico,1,Bernalillo,35.01708,-106.65739
7/11/2018,AQS,350010029,1,14.4,ppb,13,SOUTH VALLEY,24,100,42602,Nitrogen dioxide (NO2),10740,"Albuquerque, NM",35,New Mexico,1,Bernalillo,35.01708,-106.65739
7/12/2018,AQS,350010029,1,5.9,ppb,5,SOUTH VALLEY,24,100,42602,Nitrogen dioxide (NO2),10740,"Albuquerque, NM",35,New Mexico,1,Bernalillo,35.01708,-106.65739
7/13/2018,AQS,350010029,1,13.6,ppb,12,SOUTH VALLEY,24,100,42602,Nitrogen dioxide (NO2),10740,"Albuquerque, NM",35,New Mexico,1,Bernalillo,35.01708,-106.65739
7/14/2018,AQS,350010029,1,12.6,ppb,11,SOUTH VALLEY,24,100,42602,Nitrogen dioxide (NO2),10740,"Albuquerque, NM",35,New Mexico,1,Bernalillo,35.01708,-106.65739
7/15/2018,AQS,350010029,1,7.8,ppb,7,SOUTH VALLEY,21,88,42602,Nitrogen dioxide (NO2),10740,"Albuquerque, NM",35,New Mexico,1,Bernalillo,35.01708,-106.65739
7/16/2018,AQS,350010029,1,13.9,ppb,12,SOUTH VALLEY,24,100,42602,Nitrogen dioxide (NO2),10740,"Albuquerque, NM",35,New Mexico,1,Bernalillo,35.01708,-106.65739
7/17/2018,AQS,350010029,1,18.5,ppb,17,SOUTH VALLEY,24,100,42602,Nitrogen dioxide (NO2),10740,"Albuquerque, NM",35,New Mexico,1,Bernalillo,35.01708,-106.65739
7/18/2018,AQS,350010029,1,20,ppb,19,SOUTH VALLEY,24,100,42602,Nitrogen dioxide (NO2),10740,"Albuquerque, NM",35,New Mexico,1,Bernalillo,35.01708,-106.65739
7/19/2018,AQS,350010029,1,23.8,ppb,22,SOUTH VALLEY,24,100,42602,Nitrogen dioxide (NO2),10740,"Albuquerque, NM",35,New Mexico,1,Bernalillo,35.01708,-106.65739
7/20/2018,AQS,350010029,1,19.6,ppb,18,SOUTH VALLEY,24,100,42602,Nitrogen dioxide (NO2),10740,"Albuquerque, NM",35,New Mexico,1,Bernalillo,35.01708,-106.65739
7/21/2018,AQS,350010029,1,10,ppb,9,SOUTH VALLEY,24,100,42602,Nitrogen dioxide (NO2),10740,"Albuquerque, NM",35,New Mexico,1,Bernalillo,35.01708,-106.65739
7/22/2018,AQS,350010029,1,16,ppb,15,SOUTH VALLEY,21,88,42602,Nitrogen dioxide (NO2),10740,"Albuquerque, NM",35,New Mexico,1,Bernalillo,35.01708,-106.65739
7/23/2018,AQS,350010029,1,9.7,ppb,8,SOUTH VALLEY,24,100,42602,Nitrogen dioxide (NO2),10740,"Albuquerque, NM",35,New Mexico,1,Bernalillo,35.01708,-106.65739
7/24/2018,AQS,350010029,1,16.8,ppb,15,SOUTH VALLEY,23,96,42602,Nitrogen dioxide (NO2),10740,"Albuquerque, NM",35,New Mexico,1,Bernalillo,35.01708,-106.65739
7/25/2018,AQS,350010029,1,16.4,ppb,15,SOUTH VALLEY,24,100,42602,Nitrogen dioxide (NO2),10740,"Albuquerque, NM",35,New Mexico,1,Bernalillo,35.01708,-106.65739
7/26/2018,AQS,350010029,1,9.3,ppb,8,SOUTH VALLEY,24,100,42602,Nitrogen dioxide (NO2),10740,"Albuquerque, NM",35,New Mexico,1,Bernalillo,35.01708,-106.65739
7/27/2018,AQS,350010029,1,15.7,ppb,14,SOUTH VALLEY,24,100,42602,Nitrogen dioxide (NO2),10740,"Albuquerque, NM",35,New Mexico,1,Bernalillo,35.01708,-106.65739
7/28/2018,AQS,350010029,1,18.7,ppb,17,SOUTH VALLEY,24,100,42602,Nitrogen dioxide (NO2),10740,"Albuquerque, NM",35,New Mexico,1,Bernalillo,35.01708,-106.65739
7/29/2018,AQS,350010029,1,8.4,ppb,8,SOUTH VALLEY,21,88,42602,Nitrogen dioxide (NO2),10740,"Albuquerque, NM",35,New Mexico,1,Bernalillo,35.01708,-106.65739
7/30/2018,AQS,350010029,1,12.5,ppb,11,SOUTH VALLEY,24,100,42602,Nitrogen dioxide (NO2),10740,"Albuquerque, NM",35,New Mexico,1,Bernalillo,35.01708,-106.65739
7/31/2018,AQS,350010029,1,8.1,ppb,8,SOUTH VALLEY,24,100,42602,Nitrogen dioxide (NO2),10740,"Albuquerque, NM",35,New Mexico,1,Bernalillo,35.01708,-106.65739
8/1/2018,AQS,350010029,1,20.4,ppb,19,SOUTH VALLEY,24,100,42602,Nitrogen dioxide (NO2),10740,"Albuquerque, NM",35,New Mexico,1,Bernalillo,35.01708,-106.65739
8/2/2018,AQS,350010029,1,20.6,ppb,19,SOUTH VALLEY,24,100,42602,Nitrogen dioxide (NO2),10740,"Albuquerque, NM",35,New Mexico,1,Bernalillo,35.01708,-106.65739
8/3/2018,AQS,350010029,1,14.5,ppb,13,SOUTH VALLEY,24,100,42602,Nitrogen dioxide (NO2),10740,"Albuquerque, NM",35,New Mexico,1,Bernalillo,35.01708,-106.65739
8/4/2018,AQS,350010029,1,14,ppb,13,SOUTH VALLEY,24,100,42602,Nitrogen dioxide (NO2),10740,"Albuquerque, NM",35,New Mexico,1,Bernalillo,35.01708,-106.65739
8/5/2018,AQS,350010029,1,14.2,ppb,13,SOUTH VALLEY,21,88,42602,Nitrogen dioxide (NO2),10740,"Albuquerque, NM",35,New Mexico,1,Bernalillo,35.01708,-106.65739
8/6/2018,AQS,350010029,1,26.5,ppb,25,SOUTH VALLEY,19,79,42602,Nitrogen dioxide (NO2),10740,"Albuquerque, NM",35,New Mexico,1,Bernalillo,35.01708,-106.65739
8/11/2018,AQS,350010029,1,8.9,ppb,8,SOUTH VALLEY,24,100,42602,Nitrogen dioxide (NO2),10740,"Albuquerque, NM",35,New Mexico,1,Bernalillo,35.01708,-106.65739
8/12/2018,AQS,350010029,1,8.5,ppb,8,SOUTH VALLEY,21,88,42602,Nitrogen dioxide (NO2),10740,"Albuquerque, NM",35,New Mexico,1,Bernalillo,35.01708,-106.65739
8/13/2018,AQS,350010029,1,26.5,ppb,25,SOUTH VALLEY,22,92,42602,Nitrogen dioxide (NO2),10740,"Albuquerque, NM",35,New Mexico,1,Bernalillo,35.01708,-106.65739
8/14/2018,AQS,350010029,1,17,ppb,16,SOUTH VALLEY,22,92,42602,Nitrogen dioxide (NO2),10740,"Albuquerque, NM",35,New Mexico,1,Bernalillo,35.01708,-106.65739
8/15/2018,AQS,350010029,1,17.8,ppb,16,SOUTH VALLEY,24,100,42602,Nitrogen dioxide (NO2),10740,"Albuquerque, NM",35,New Mexico,1,Bernalillo,35.01708,-106.65739
8/16/2018,AQS,350010029,1,15.6,ppb,14,SOUTH VALLEY,24,100,42602,Nitrogen dioxide (NO2),10740,"Albuquerque, NM",35,New Mexico,1,Bernalillo,35.01708,-106.65739
8/17/2018,AQS,350010029,1,19.5,ppb,18,SOUTH VALLEY,24,100,42602,Nitrogen dioxide (NO2),10740,"Albuquerque, NM",35,New Mexico,1,Bernalillo,35.01708,-106.65739
8/18/2018,AQS,350010029,1,13.7,ppb,12,SOUTH VALLEY,24,100,42602,Nitrogen dioxide (NO2),10740,"Albuquerque, NM",35,New Mexico,1,Bernalillo,35.01708,-106.65739
8/19/2018,AQS,350010029,1,16.4,ppb,15,SOUTH VALLEY,21,88,42602,Nitrogen dioxide (NO2),10740,"Albuquerque, NM",35,New Mexico,1,Bernalillo,35.01708,-106.65739
8/20/2018,AQS,350010029,1,9.3,ppb,8,SOUTH VALLEY,20,83,42602,Nitrogen dioxide (NO2),10740,"Albuquerque, NM",35,New Mexico,1,Bernalillo,35.01708,-106.65739
8/21/2018,AQS,350010029,1,27,ppb,25,SOUTH VALLEY,21,88,42602,Nitrogen dioxide (NO2),10740,"Albuquerque, NM",35,New Mexico,1,Bernalillo,35.01708,-106.65739
8/23/2018,AQS,350010029,1,17.2,ppb,16,SOUTH VALLEY,24,100,42602,Nitrogen dioxide (NO2),10740,"Albuquerque, NM",35,New Mexico,1,Bernalillo,35.01708,-106.65739
8/24/2018,AQS,350010029,1,19.8,ppb,18,SOUTH VALLEY,24,100,42602,Nitrogen dioxide (NO2),10740,"Albuquerque, NM",35,New Mexico,1,Bernalillo,35.01708,-106.65739
8/25/2018,AQS,350010029,1,8.9,ppb,8,SOUTH VALLEY,24,100,42602,Nitrogen dioxide (NO2),10740,"Albuquerque, NM",35,New Mexico,1,Bernalillo,35.01708,-106.65739
8/26/2018,AQS,350010029,1,8.6,ppb,8,SOUTH VALLEY,21,88,42602,Nitrogen dioxide (NO2),10740,"Albuquerque, NM",35,New Mexico,1,Bernalillo,35.01708,-106.65739
8/27/2018,AQS,350010029,1,20.1,ppb,19,SOUTH VALLEY,24,100,42602,Nitrogen dioxide (NO2),10740,"Albuquerque, NM",35,New Mexico,1,Bernalillo,35.01708,-106.65739
8/28/2018,AQS,350010029,1,19.8,ppb,18,SOUTH VALLEY,24,100,42602,Nitrogen dioxide (NO2),10740,"Albuquerque, NM",35,New Mexico,1,Bernalillo,35.01708,-106.65739
8/29/2018,AQS,350010029,1,17.7,ppb,16,SOUTH VALLEY,24,100,42602,Nitrogen dioxide (NO2),10740,"Albuquerque, NM",35,New Mexico,1,Bernalillo,35.01708,-106.65739
8/30/2018,AQS,350010029,1,22.4,ppb,21,SOUTH VALLEY,24,100,42602,Nitrogen dioxide (NO2),10740,"Albuquerque, NM",35,New Mexico,1,Bernalillo,35.01708,-106.65739
8/31/2018,AQS,350010029,1,24,ppb,23,SOUTH VALLEY,24,100,42602,Nitrogen dioxide (NO2),10740,"Albuquerque, NM",35,New Mexico,1,Bernalillo,35.01708,-106.65739
9/1/2018,AQS,350010029,1,15.3,ppb,14,SOUTH VALLEY,23,96,42602,Nitrogen dioxide (NO2),10740,"Albuquerque, NM",35,New Mexico,1,Bernalillo,35.01708,-106.65739
9/2/2018,AQS,350010029,1,9.3,ppb,8,SOUTH VALLEY,21,88,42602,Nitrogen dioxide (NO2),10740,"Albuquerque, NM",35,New Mexico,1,Bernalillo,35.01708,-106.65739
9/3/2018,AQS,350010029,1,5.3,ppb,5,SOUTH VALLEY,24,100,42602,Nitrogen dioxide (NO2),10740,"Albuquerque, NM",35,New Mexico,1,Bernalillo,35.01708,-106.65739
9/4/2018,AQS,350010029,1,20,ppb,19,SOUTH VALLEY,24,100,42602,Nitrogen dioxide (NO2),10740,"Albuquerque, NM",35,New Mexico,1,Bernalillo,35.01708,-106.65739
9/5/2018,AQS,350010029,1,19.5,ppb,18,SOUTH VALLEY,24,100,42602,Nitrogen dioxide (NO2),10740,"Albuquerque, NM",35,New Mexico,1,Bernalillo,35.01708,-106.65739
9/6/2018,AQS,350010029,1,10.1,ppb,9,SOUTH VALLEY,24,100,42602,Nitrogen dioxide (NO2),10740,"Albuquerque, NM",35,New Mexico,1,Bernalillo,35.01708,-106.65739
9/7/2018,AQS,350010029,1,17.1,ppb,16,SOUTH VALLEY,24,100,42602,Nitrogen dioxide (NO2),10740,"Albuquerque, NM",35,New Mexico,1,Bernalillo,35.01708,-106.65739
9/8/2018,AQS,350010029,1,8.1,ppb,8,SOUTH VALLEY,24,100,42602,Nitrogen dioxide (NO2),10740,"Albuquerque, NM",35,New Mexico,1,Bernalillo,35.01708,-106.65739
9/9/2018,AQS,350010029,1,11.3,ppb,10,SOUTH VALLEY,21,88,42602,Nitrogen dioxide (NO2),10740,"Albuquerque, NM",35,New Mexico,1,Bernalillo,35.01708,-106.65739
9/10/2018,AQS,350010029,1,15.2,ppb,14,SOUTH VALLEY,23,96,42602,Nitrogen dioxide (NO2),10740,"Albuquerque, NM",35,New Mexico,1,Bernalillo,35.01708,-106.65739
9/11/2018,AQS,350010029,1,23.3,ppb,22,SOUTH VALLEY,24,100,42602,Nitrogen dioxide (NO2),10740,"Albuquerque, NM",35,New Mexico,1,Bernalillo,35.01708,-106.65739
9/12/2018,AQS,350010029,1,22,ppb,21,SOUTH VALLEY,24,100,42602,Nitrogen dioxide (NO2),10740,"Albuquerque, NM",35,New Mexico,1,Bernalillo,35.01708,-106.65739
9/13/2018,AQS,350010029,1,22.8,ppb,21,SOUTH VALLEY,24,100,42602,Nitrogen dioxide (NO2),10740,"Albuquerque, NM",35,New Mexico,1,Bernalillo,35.01708,-106.65739
9/14/2018,AQS,350010029,1,21.2,ppb,20,SOUTH VALLEY,24,100,42602,Nitrogen dioxide (NO2),10740,"Albuquerque, NM",35,New Mexico,1,Bernalillo,35.01708,-106.65739
9/15/2018,AQS,350010029,1,17.8,ppb,16,SOUTH VALLEY,24,100,42602,Nitrogen dioxide (NO2),10740,"Albuquerque, NM",35,New Mexico,1,Bernalillo,35.01708,-106.65739
9/16/2018,AQS,350010029,1,9,ppb,8,SOUTH VALLEY,21,88,42602,Nitrogen dioxide (NO2),10740,"Albuquerque, NM",35,New Mexico,1,Bernalillo,35.01708,-106.65739
9/17/2018,AQS,350010029,1,18.5,ppb,17,SOUTH VALLEY,24,100,42602,Nitrogen dioxide (NO2),10740,"Albuquerque, NM",35,New Mexico,1,Bernalillo,35.01708,-106.65739
9/18/2018,AQS,350010029,1,21.8,ppb,20,SOUTH VALLEY,24,100,42602,Nitrogen dioxide (NO2),10740,"Albuquerque, NM",35,New Mexico,1,Bernalillo,35.01708,-106.65739
9/19/2018,AQS,350010029,1,20.1,ppb,19,SOUTH VALLEY,24,100,42602,Nitrogen dioxide (NO2),10740,"Albuquerque, NM",35,New Mexico,1,Bernalillo,35.01708,-106.65739
9/20/2018,AQS,350010029,1,12.4,ppb,11,SOUTH VALLEY,24,100,42602,Nitrogen dioxide (NO2),10740,"Albuquerque, NM",35,New Mexico,1,Bernalillo,35.01708,-106.65739
9/21/2018,AQS,350010029,1,21.6,ppb,20,SOUTH VALLEY,24,100,42602,Nitrogen dioxide (NO2),10740,"Albuquerque, NM",35,New Mexico,1,Bernalillo,35.01708,-106.65739
9/22/2018,AQS,350010029,1,6.6,ppb,6,SOUTH VALLEY,24,100,42602,Nitrogen dioxide (NO2),10740,"Albuquerque, NM",35,New Mexico,1,Bernalillo,35.01708,-106.65739
9/23/2018,AQS,350010029,1,12.5,ppb,11,SOUTH VALLEY,21,88,42602,Nitrogen dioxide (NO2),10740,"Albuquerque, NM",35,New Mexico,1,Bernalillo,35.01708,-106.65739
9/24/2018,AQS,350010029,1,16.5,ppb,15,SOUTH VALLEY,20,83,42602,Nitrogen dioxide (NO2),10740,"Albuquerque, NM",35,New Mexico,1,Bernalillo,35.01708,-106.65739
9/25/2018,AQS,350010029,1,22.1,ppb,21,SOUTH VALLEY,20,83,42602,Nitrogen dioxide (NO2),10740,"Albuquerque, NM",35,New Mexico,1,Bernalillo,35.01708,-106.65739
9/26/2018,AQS,350010029,1,8.8,ppb,8,SOUTH VALLEY,23,96,42602,Nitrogen dioxide (NO2),10740,"Albuquerque, NM",35,New Mexico,1,Bernalillo,35.01708,-106.65739
9/27/2018,AQS,350010029,1,18.3,ppb,17,SOUTH VALLEY,24,100,42602,Nitrogen dioxide (NO2),10740,"Albuquerque, NM",35,New Mexico,1,Bernalillo,35.01708,-106.65739
9/28/2018,AQS,350010029,1,30,ppb,28,SOUTH VALLEY,24,100,42602,Nitrogen dioxide (NO2),10740,"Albuquerque, NM",35,New Mexico,1,Bernalillo,35.01708,-106.65739
9/29/2018,AQS,350010029,1,19.2,ppb,18,SOUTH VALLEY,24,100,42602,Nitrogen dioxide (NO2),10740,"Albuquerque, NM",35,New Mexico,1,Bernalillo,35.01708,-106.65739
9/30/2018,AQS,350010029,1,14.6,ppb,13,SOUTH VALLEY,20,83,42602,Nitrogen dioxide (NO2),10740,"Albuquerque, NM",35,New Mexico,1,Bernalillo,35.01708,-106.65739
10/1/2018,AQS,350010029,1,23.2,ppb,22,SOUTH VALLEY,24,100,42602,Nitrogen dioxide (NO2),10740,"Albuquerque, NM",35,New Mexico,1,Bernalillo,35.01708,-106.65739
10/2/2018,AQS,350010029,1,12.4,ppb,11,SOUTH VALLEY,21,88,42602,Nitrogen dioxide (NO2),10740,"Albuquerque, NM",35,New Mexico,1,Bernalillo,35.01708,-106.65739
10/3/2018,AQS,350010029,1,14.5,ppb,13,SOUTH VALLEY,24,100,42602,Nitrogen dioxide (NO2),10740,"Albuquerque, NM",35,New Mexico,1,Bernalillo,35.01708,-106.65739
10/4/2018,AQS,350010029,1,20.6,ppb,19,SOUTH VALLEY,24,100,42602,Nitrogen dioxide (NO2),10740,"Albuquerque, NM",35,New Mexico,1,Bernalillo,35.01708,-106.65739
10/5/2018,AQS,350010029,1,19.8,ppb,18,SOUTH VALLEY,24,100,42602,Nitrogen dioxide (NO2),10740,"Albuquerque, NM",35,New Mexico,1,Bernalillo,35.01708,-106.65739
10/6/2018,AQS,350010029,1,13.2,ppb,12,SOUTH VALLEY,24,100,42602,Nitrogen dioxide (NO2),10740,"Albuquerque, NM",35,New Mexico,1,Bernalillo,35.01708,-106.65739
10/10/2018,AQS,350010029,1,22.5,ppb,21,SOUTH VALLEY,24,100,42602,Nitrogen dioxide (NO2),10740,"Albuquerque, NM",35,New Mexico,1,Bernalillo,35.01708,-106.65739
10/11/2018,AQS,350010029,1,24.3,ppb,23,SOUTH VALLEY,24,100,42602,Nitrogen dioxide (NO2),10740,"Albuquerque, NM",35,New Mexico,1,Bernalillo,35.01708,-106.65739
10/12/2018,AQS,350010029,1,17.2,ppb,16,SOUTH VALLEY,24,100,42602,Nitrogen dioxide (NO2),10740,"Albuquerque, NM",35,New Mexico,1,Bernalillo,35.01708,-106.65739
10/13/2018,AQS,350010029,1,12,ppb,11,SOUTH VALLEY,24,100,42602,Nitrogen dioxide (NO2),10740,"Albuquerque, NM",35,New Mexico,1,Bernalillo,35.01708,-106.65739
10/15/2018,AQS,350010029,1,2.1,ppb,2,SOUTH VALLEY,24,100,42602,Nitrogen dioxide (NO2),10740,"Albuquerque, NM",35,New Mexico,1,Bernalillo,35.01708,-106.65739
10/16/2018,AQS,350010029,1,22.4,ppb,21,SOUTH VALLEY,24,100,42602,Nitrogen dioxide (NO2),10740,"Albuquerque, NM",35,New Mexico,1,Bernalillo,35.01708,-106.65739
10/17/2018,AQS,350010029,1,1.7,ppb,1,SOUTH VALLEY,24,100,42602,Nitrogen dioxide (NO2),10740,"Albuquerque, NM",35,New Mexico,1,Bernalillo,35.01708,-106.65739
10/18/2018,AQS,350010029,1,13,ppb,12,SOUTH VALLEY,24,100,42602,Nitrogen dioxide (NO2),10740,"Albuquerque, NM",35,New Mexico,1,Bernalillo,35.01708,-106.65739
10/19/2018,AQS,350010029,1,22.4,ppb,21,SOUTH VALLEY,24,100,42602,Nitrogen dioxide (NO2),10740,"Albuquerque, NM",35,New Mexico,1,Bernalillo,35.01708,-106.65739
10/20/2018,AQS,350010029,1,3.5,ppb,3,SOUTH VALLEY,24,100,42602,Nitrogen dioxide (NO2),10740,"Albuquerque, NM",35,New Mexico,1,Bernalillo,35.01708,-106.65739
10/22/2018,AQS,350010029,1,26.9,ppb,25,SOUTH VALLEY,24,100,42602,Nitrogen dioxide (NO2),10740,"Albuquerque, NM",35,New Mexico,1,Bernalillo,35.01708,-106.65739
10/23/2018,AQS,350010029,1,20.2,ppb,19,SOUTH VALLEY,24,100,42602,Nitrogen dioxide (NO2),10740,"Albuquerque, NM",35,New Mexico,1,Bernalillo,35.01708,-106.65739
10/24/2018,AQS,350010029,1,14.5,ppb,13,SOUTH VALLEY,24,100,42602,Nitrogen dioxide (NO2),10740,"Albuquerque, NM",35,New Mexico,1,Bernalillo,35.01708,-106.65739
10/25/2018,AQS,350010029,1,29.5,ppb,27,SOUTH VALLEY,24,100,42602,Nitrogen dioxide (NO2),10740,"Albuquerque, NM",35,New Mexico,1,Bernalillo,35.01708,-106.65739
10/26/2018,AQS,350010029,1,27.8,ppb,25,SOUTH VALLEY,24,100,42602,Nitrogen dioxide (NO2),10740,"Albuquerque, NM",35,New Mexico,1,Bernalillo,35.01708,-106.65739
10/27/2018,AQS,350010029,1,19.1,ppb,18,SOUTH VALLEY,24,100,42602,Nitrogen dioxide (NO2),10740,"Albuquerque, NM",35,New Mexico,1,Bernalillo,35.01708,-106.65739
10/30/2018,AQS,350010029,1,25.1,ppb,24,SOUTH VALLEY,24,100,42602,Nitrogen dioxide (NO2),10740,"Albuquerque, NM",35,New Mexico,1,Bernalillo,35.01708,-106.65739
10/31/2018,AQS,350010029,1,8.7,ppb,8,SOUTH VALLEY,23,96,42602,Nitrogen dioxide (NO2),10740,"Albuquerque, NM",35,New Mexico,1,Bernalillo,35.01708,-106.65739
11/1/2018,AQS,350010029,1,16.9,ppb,15,SOUTH VALLEY,20,83,42602,Nitrogen dioxide (NO2),10740,"Albuquerque, NM",35,New Mexico,1,Bernalillo,35.01708,-106.65739
11/2/2018,AQS,350010029,1,26.6,ppb,25,SOUTH VALLEY,24,100,42602,Nitrogen dioxide (NO2),10740,"Albuquerque, NM",35,New Mexico,1,Bernalillo,35.01708,-106.65739
11/3/2018,AQS,350010029,1,16.5,ppb,15,SOUTH VALLEY,24,100,42602,Nitrogen dioxide (NO2),10740,"Albuquerque, NM",35,New Mexico,1,Bernalillo,35.01708,-106.65739
11/8/2018,AQS,350010029,1,22.8,ppb,21,SOUTH VALLEY,22,92,42602,Nitrogen dioxide (NO2),10740,"Albuquerque, NM",35,New Mexico,1,Bernalillo,35.01708,-106.65739
11/9/2018,AQS,350010029,1,30.9,ppb,28,SOUTH VALLEY,22,92,42602,Nitrogen dioxide (NO2),10740,"Albuquerque, NM",35,New Mexico,1,Bernalillo,35.01708,-106.65739
11/10/2018,AQS,350010029,1,23.4,ppb,22,SOUTH VALLEY,24,100,42602,Nitrogen dioxide (NO2),10740,"Albuquerque, NM",35,New Mexico,1,Bernalillo,35.01708,-106.65739
11/11/2018,AQS,350010029,1,10.5,ppb,9,SOUTH VALLEY,24,100,42602,Nitrogen dioxide (NO2),10740,"Albuquerque, NM",35,New Mexico,1,Bernalillo,35.01708,-106.65739
11/12/2018,AQS,350010029,1,7.8,ppb,7,SOUTH VALLEY,23,96,42602,Nitrogen dioxide (NO2),10740,"Albuquerque, NM",35,New Mexico,1,Bernalillo,35.01708,-106.65739
11/13/2018,AQS,350010029,1,26.9,ppb,25,SOUTH VALLEY,19,79,42602,Nitrogen dioxide (NO2),10740,"Albuquerque, NM",35,New Mexico,1,Bernalillo,35.01708,-106.65739
11/14/2018,AQS,350010029,1,34.7,ppb,32,SOUTH VALLEY,19,79,42602,Nitrogen dioxide (NO2),10740,"Albuquerque, NM",35,New Mexico,1,Bernalillo,35.01708,-106.65739
11/16/2018,AQS,350010029,1,37.8,ppb,35,SOUTH VALLEY,24,100,42602,Nitrogen dioxide (NO2),10740,"Albuquerque, NM",35,New Mexico,1,Bernalillo,35.01708,-106.65739
11/17/2018,AQS,350010029,1,24.9,ppb,23,SOUTH VALLEY,24,100,42602,Nitrogen dioxide (NO2),10740,"Albuquerque, NM",35,New Mexico,1,Bernalillo,35.01708,-106.65739
11/19/2018,AQS,350010029,1,36.3,ppb,34,SOUTH VALLEY,24,100,42602,Nitrogen dioxide (NO2),10740,"Albuquerque, NM",35,New Mexico,1,Bernalillo,35.01708,-106.65739
11/20/2018,AQS,350010029,1,37.2,ppb,35,SOUTH VALLEY,24,100,42602,Nitrogen dioxide (NO2),10740,"Albuquerque, NM",35,New Mexico,1,Bernalillo,35.01708,-106.65739
11/21/2018,AQS,350010029,1,34.2,ppb,32,SOUTH VALLEY,24,100,42602,Nitrogen dioxide (NO2),10740,"Albuquerque, NM",35,New Mexico,1,Bernalillo,35.01708,-106.65739
11/22/2018,AQS,350010029,1,29.7,ppb,27,SOUTH VALLEY,24,100,42602,Nitrogen dioxide (NO2),10740,"Albuquerque, NM",35,New Mexico,1,Bernalillo,35.01708,-106.65739
11/23/2018,AQS,350010029,1,24.5,ppb,23,SOUTH VALLEY,24,100,42602,Nitrogen dioxide (NO2),10740,"Albuquerque, NM",35,New Mexico,1,Bernalillo,35.01708,-106.65739
11/24/2018,AQS,350010029,1,17.3,ppb,16,SOUTH VALLEY,24,100,42602,Nitrogen dioxide (NO2),10740,"Albuquerque, NM",35,New Mexico,1,Bernalillo,35.01708,-106.65739
11/26/2018,AQS,350010029,1,30.8,ppb,28,SOUTH VALLEY,24,100,42602,Nitrogen dioxide (NO2),10740,"Albuquerque, NM",35,New Mexico,1,Bernalillo,35.01708,-106.65739
11/27/2018,AQS,350010029,1,35.7,ppb,33,SOUTH VALLEY,24,100,42602,Nitrogen dioxide (NO2),10740,"Albuquerque, NM",35,New Mexico,1,Bernalillo,35.01708,-106.65739
11/28/2018,AQS,350010029,1,35.5,ppb,33,SOUTH VALLEY,24,100,42602,Nitrogen dioxide (NO2),10740,"Albuquerque, NM",35,New Mexico,1,Bernalillo,35.01708,-106.65739
11/29/2018,AQS,350010029,1,45.5,ppb,42,SOUTH VALLEY,22,92,42602,Nitrogen dioxide (NO2),10740,"Albuquerque, NM",35,New Mexico,1,Bernalillo,35.01708,-106.65739
11/30/2018,AQS,350010029,1,30.1,ppb,28,SOUTH VALLEY,24,100,42602,Nitrogen dioxide (NO2),10740,"Albuquerque, NM",35,New Mexico,1,Bernalillo,35.01708,-106.65739
12/1/2018,AQS,350010029,1,15,ppb,14,SOUTH VALLEY,24,100,42602,Nitrogen dioxide (NO2),10740,"Albuquerque, NM",35,New Mexico,1,Bernalillo,35.01708,-106.65739
12/3/2018,AQS,350010029,1,34.7,ppb,32,SOUTH VALLEY,23,96,42602,Nitrogen dioxide (NO2),10740,"Albuquerque, NM",35,New Mexico,1,Bernalillo,35.01708,-106.65739
12/4/2018,AQS,350010029,1,32.1,ppb,30,SOUTH VALLEY,24,100,42602,Nitrogen dioxide (NO2),10740,"Albuquerque, NM",35,New Mexico,1,Bernalillo,35.01708,-106.65739
12/5/2018,AQS,350010029,1,35.2,ppb,33,SOUTH VALLEY,24,100,42602,Nitrogen dioxide (NO2),10740,"Albuquerque, NM",35,New Mexico,1,Bernalillo,35.01708,-106.65739
12/6/2018,AQS,350010029,1,33,ppb,31,SOUTH VALLEY,24,100,42602,Nitrogen dioxide (NO2),10740,"Albuquerque, NM",35,New Mexico,1,Bernalillo,35.01708,-106.65739
12/7/2018,AQS,350010029,1,29,ppb,27,SOUTH VALLEY,24,100,42602,Nitrogen dioxide (NO2),10740,"Albuquerque, NM",35,New Mexico,1,Bernalillo,35.01708,-106.65739
12/8/2018,AQS,350010029,1,18.4,ppb,17,SOUTH VALLEY,23,96,42602,Nitrogen dioxide (NO2),10740,"Albuquerque, NM",35,New Mexico,1,Bernalillo,35.01708,-106.65739
12/10/2018,AQS,350010029,1,40.3,ppb,38,SOUTH VALLEY,24,100,42602,Nitrogen dioxide (NO2),10740,"Albuquerque, NM",35,New Mexico,1,Bernalillo,35.01708,-106.65739
12/11/2018,AQS,350010029,1,30.9,ppb,28,SOUTH VALLEY,24,100,42602,Nitrogen dioxide (NO2),10740,"Albuquerque, NM",35,New Mexico,1,Bernalillo,35.01708,-106.65739
12/12/2018,AQS,350010029,1,31.4,ppb,29,SOUTH VALLEY,24,100,42602,Nitrogen dioxide (NO2),10740,"Albuquerque, NM",35,New Mexico,1,Bernalillo,35.01708,-106.65739
12/13/2018,AQS,350010029,1,14.3,ppb,13,SOUTH VALLEY,24,100,42602,Nitrogen dioxide (NO2),10740,"Albuquerque, NM",35,New Mexico,1,Bernalillo,35.01708,-106.65739
12/14/2018,AQS,350010029,1,37.2,ppb,35,SOUTH VALLEY,24,100,42602,Nitrogen dioxide (NO2),10740,"Albuquerque, NM",35,New Mexico,1,Bernalillo,35.01708,-106.65739
12/15/2018,AQS,350010029,1,23.2,ppb,22,SOUTH VALLEY,24,100,42602,Nitrogen dioxide (NO2),10740,"Albuquerque, NM",35,New Mexico,1,Bernalillo,35.01708,-106.65739
12/17/2018,AQS,350010029,1,31.9,ppb,29,SOUTH VALLEY,24,100,42602,Nitrogen dioxide (NO2),10740,"Albuquerque, NM",35,New Mexico,1,Bernalillo,35.01708,-106.65739
12/18/2018,AQS,350010029,1,26.3,ppb,25,SOUTH VALLEY,23,96,42602,Nitrogen dioxide (NO2),10740,"Albuquerque, NM",35,New Mexico,1,Bernalillo,35.01708,-106.65739
12/19/2018,AQS,350010029,1,14.2,ppb,13,SOUTH VALLEY,24,100,42602,Nitrogen dioxide (NO2),10740,"Albuquerque, NM",35,New Mexico,1,Bernalillo,35.01708,-106.65739
12/20/2018,AQS,350010029,1,38.7,ppb,36,SOUTH VALLEY,24,100,42602,Nitrogen dioxide (NO2),10740,"Albuquerque, NM",35,New Mexico,1,Bernalillo,35.01708,-106.65739
12/21/2018,AQS,350010029,1,32.1,ppb,30,SOUTH VALLEY,24,100,42602,Nitrogen dioxide (NO2),10740,"Albuquerque, NM",35,New Mexico,1,Bernalillo,35.01708,-106.65739
12/22/2018,AQS,350010029,1,34.9,ppb,32,SOUTH VALLEY,24,100,42602,Nitrogen dioxide (NO2),10740,"Albuquerque, NM",35,New Mexico,1,Bernalillo,35.01708,-106.65739
12/24/2018,AQS,350010029,1,27.1,ppb,25,SOUTH VALLEY,24,100,42602,Nitrogen dioxide (NO2),10740,"Albuquerque, NM",35,New Mexico,1,Bernalillo,35.01708,-106.65739
12/25/2018,AQS,350010029,1,26.3,ppb,25,SOUTH VALLEY,24,100,42602,Nitrogen dioxide (NO2),10740,"Albuquerque, NM",35,New Mexico,1,Bernalillo,35.01708,-106.65739
12/26/2018,AQS,350010029,1,26.6,ppb,25,SOUTH VALLEY,24,100,42602,Nitrogen dioxide (NO2),10740,"Albuquerque, NM",35,New Mexico,1,Bernalillo,35.01708,-106.65739
12/27/2018,AQS,350010029,1,19.9,ppb,18,SOUTH VALLEY,24,100,42602,Nitrogen dioxide (NO2),10740,"Albuquerque, NM",35,New Mexico,1,Bernalillo,35.01708,-106.65739
12/28/2018,AQS,350010029,1,15.2,ppb,14,SOUTH VALLEY,24,100,42602,Nitrogen dioxide (NO2),10740,"Albuquerque, NM",35,New Mexico,1,Bernalillo,35.01708,-106.65739
12/29/2018,AQS,350010029,1,15.7,ppb,14,SOUTH VALLEY,24,100,42602,Nitrogen dioxide (NO2),10740,"Albuquerque, NM",35,New Mexico,1,Bernalillo,35.01708,-106.65739
12/31/2018,AQS,350010029,1,23.9,ppb,22,SOUTH VALLEY,24,100,42602,Nitrogen dioxide (NO2),10740,"Albuquerque, NM",35,New Mexico,1,Bernalillo,35.01708,-106.65739
